G177,G1297,repressor
G177,G842,repressor
G177,G796,repressor
G24,G1437,activator
G24,G1256,activator
G24,G762,activator
G7,G1537,activator
G26,G330,repressor
G26,G1604,repressor
G26,G741,repressor
G26,G501,repressor
G26,G647,repressor
G26,G623,repressor
G26,G1299,repressor
G26,G544,repressor
G158,G1136,repressor
G158,G295,repressor
G158,G1082,repressor
G158,G1097,repressor
G158,G1434,repressor
G158,G383,repressor
G158,G751,repressor
G158,G696,repressor
G158,G4,repressor
G158,G1359,repressor
G4,G259,activator
G4,G223,activator
G4,G1341,activator
G130,G437,activator
G127,G260,repressor
G127,G466,repressor
G127,G439,repressor
G127,G353,repressor
G127,G652,repressor
G66,G1219,activator
G66,G521,activator
G66,G801,activator
G66,G745,activator
G66,G550,activator
G66,G250,activator
G66,G1418,activator
G66,G1087,activator
G66,G889,activator
G66,G1168,activator
G97,G1567,activator
G97,G1161,activator
G97,G1523,repressor
G97,G1093,activator
G97,G904,activator
G97,G472,repressor
G97,G420,activator
G97,G1176,activator
G97,G1190,repressor
G97,G1018,activator
G121,G1117,activator
G121,G1114,activator
G121,G523,activator
G121,G1540,repressor
G121,G1559,repressor
G121,G1357,repressor
G121,G1322,repressor
G121,G949,repressor
G121,G1295,repressor
G121,G336,repressor
G121,G1640,repressor
G121,G84,repressor
G121,G1307,repressor
G121,G292,activator
G121,G975,repressor
G121,G1221,repressor
G121,G1263,repressor
G121,G1153,repressor
G121,G663,repressor
G121,G334,repressor
G121,G1043,activator
G121,G889,activator
G121,G1087,activator
G121,G1418,activator
G121,G250,activator
G121,G550,activator
G121,G745,activator
G121,G1379,repressor
G121,G415,repressor
G121,G808,repressor
G121,G1639,repressor
G121,G766,activator
G121,G1561,repressor
G121,G391,repressor
G121,G982,repressor
G121,G1029,repressor
G121,G1048,repressor
G121,G778,activator
G121,G217,activator
G121,G1602,repressor
G121,G1558,repressor
G121,G1233,repressor
G121,G592,repressor
G121,G363,repressor
G121,G348,repressor
G121,G1401,activator
G121,G129,activator
G121,G694,repressor
G121,G1149,repressor
G121,G790,repressor
G121,G1619,repressor
G121,G648,repressor
G121,G854,repressor
G121,G1633,activator
G121,G1065,repressor
G121,G1316,activator
G121,G1201,repressor
G121,G573,repressor
G121,G152,activator
G121,G784,activator
G121,G733,repressor
G121,G236,repressor
G121,G662,activator
G121,G524,activator
G121,G371,activator
G121,G1350,activator
G121,G212,activator
G121,G645,activator
G121,G833,activator
G121,G410,activator
G121,G1289,activator
G121,G1413,activator
G121,G268,repressor
G121,G973,repressor
G121,G1051,repressor
G121,G443,repressor
G121,G957,repressor
G121,G222,repressor
G121,G480,repressor
G121,G1273,repressor
G121,G310,repressor
G121,G1370,repressor
G121,G760,repressor
G121,G521,activator
G121,G1282,activator
G121,G887,repressor
G121,G203,repressor
G121,G337,repressor
G121,G506,repressor
G121,G1585,repressor
G121,G474,activator
G121,G1304,repressor
G121,G1168,activator
G121,G1209,repressor
G121,G1620,repressor
G121,G131,repressor
G121,G271,repressor
G121,G1477,repressor
G121,G658,repressor
G121,G1402,activator
G121,G392,repressor
G121,G1543,repressor
G121,G454,repressor
G121,G441,repressor
G121,G1245,repressor
G121,G569,repressor
G121,G1017,repressor
G121,G1347,repressor
G121,G1377,repressor
G121,G844,repressor
G121,G1579,repressor
G121,G863,repressor
G121,G1617,activator
G121,G1583,repressor
G121,G1399,activator
G121,G676,repressor
G121,G1364,repressor
G121,G593,repressor
G121,G1154,repressor
G121,G697,activator
G121,G447,repressor
G121,G540,activator
G121,G955,repressor
G121,G1332,activator
G121,G731,repressor
G121,G688,repressor
G121,G1010,repressor
G121,G664,repressor
G121,G801,activator
G121,G1219,activator
G121,G496,activator
G121,G331,activator
G121,G1546,repressor
G121,G1169,activator
G121,G1014,activator
G121,G1342,activator
G121,G1211,activator
G121,G251,activator
G121,G272,repressor
G121,G850,repressor
G121,G775,repressor
G121,G254,activator
G121,G1417,repressor
G121,G515,repressor
G121,G367,repressor
G121,G423,repressor
G121,G1059,repressor
G121,G1232,repressor
G121,G1215,repressor
G121,G1396,repressor
G121,G106,repressor
G121,G785,repressor
G121,G1310,repressor
G121,G388,repressor
G121,G723,repressor
G121,G1044,repressor
G121,G729,repressor
G161,G1249,activator
G161,G294,activator
G161,G1517,activator
G161,G626,activator
G161,G192,activator
G161,G1260,activator
G161,G707,activator
G95,G1020,repressor
G95,G1306,repressor
G95,G1431,repressor
G95,G307,repressor
G95,G996,repressor
G95,G845,repressor
G95,G200,repressor
G95,G1455,repressor
G95,G1218,repressor
G95,G1133,repressor
G95,G375,repressor
G95,G1261,repressor
G95,G1195,repressor
G95,G1107,repressor
G95,G1296,repressor
G95,G1052,repressor
G95,G1156,repressor
G95,G1073,repressor
G95,G402,repressor
G95,G1224,repressor
G95,G1096,repressor
G95,G750,repressor
G95,G1170,repressor
G95,G459,activator
G95,G1124,activator
G95,G1444,activator
G95,G1367,activator
G95,G1610,activator
G95,G242,repressor
G95,G470,repressor
G95,G1106,repressor
G95,G221,repressor
G95,G199,repressor
G95,G552,repressor
G95,G1026,repressor
G95,G1550,repressor
G183,G450,repressor
G183,G786,repressor
G132,G1164,repressor
G132,G831,repressor
G132,G1584,repressor
G132,G62,repressor
G90,G1091,activator
G90,G564,repressor
G90,G816,repressor
G154,G772,activator
G154,G1301,activator
G154,G1155,activator
G154,G846,activator
G38,G198,activator
G38,G788,activator
G38,G1061,activator
G38,G841,activator
G38,G1234,activator
G38,G1452,activator
G38,G286,activator
G38,G342,activator
G131,G271,repressor
G131,G1620,repressor
G131,G1209,repressor
G15,G1086,activator
G15,G933,activator
G15,G915,activator
G191,G1597,repressor
G191,G289,repressor
G191,G962,repressor
G191,G246,repressor
G191,G1348,repressor
G162,G666,repressor
G162,G625,repressor
G153,G658,activator
G153,G1477,activator
G32,G1211,activator
G32,G251,activator
G32,G555,activator
G32,G424,activator
G32,G1354,activator
G32,G1316,activator
G32,G1342,activator
G32,G1014,activator
G32,G1169,activator
G32,G206,activator
G23,G1160,activator
G23,G777,activator
G23,G400,activator
G23,G1504,activator
G23,G779,activator
G23,G823,activator
G23,G556,activator
G23,G1123,activator
G23,G974,activator
G167,G1349,activator
G167,G1509,activator
G167,G1328,activator
G167,G1138,activator
G167,G431,activator
G167,G270,activator
G167,G815,activator
G167,G446,activator
G167,G279,activator
G80,G1225,activator
G80,G434,repressor
G80,G1507,activator
G80,G507,activator
G80,G1415,repressor
G182,G444,repressor
G182,G309,activator
G182,G919,activator
G182,G500,repressor
G182,G742,repressor
G182,G1568,activator
G182,G672,activator
G182,G1573,activator
G182,G931,activator
G182,G1028,activator
G182,G397,activator
G182,G572,repressor
G182,G324,repressor
G182,G1063,activator
G182,G1333,repressor
G182,G610,activator
G182,G622,repressor
G182,G755,activator
G182,G877,repressor
G182,G1355,repressor
G182,G1448,repressor
G182,G215,activator
G182,G787,activator
G182,G923,activator
G182,G763,activator
G182,G1109,repressor
G182,G1452,activator
G182,G38,activator
G182,G574,activator
G182,G1303,activator
G182,G634,activator
G182,G226,activator
G182,G993,activator
G182,G1277,repressor
G182,G1234,activator
G182,G1409,repressor
G182,G312,activator
G182,G1228,activator
G182,G1281,repressor
G182,G445,repressor
G182,G316,repressor
G182,G109,repressor
G182,G549,repressor
G182,G798,repressor
G182,G1475,activator
G182,G841,activator
G182,G1210,activator
G182,G1061,activator
G182,G788,activator
G182,G198,activator
G182,G344,repressor
G182,G1053,repressor
G182,G1365,activator
G182,G609,activator
G182,G286,activator
G81,G1163,activator
G120,G1143,activator
G120,G860,activator
G120,G1478,activator
G120,G771,activator
G120,G350,activator
G120,G1080,activator
G120,G1556,activator
G120,G1072,activator
G120,G1570,activator
G120,G184,activator
G120,G660,activator
G120,G739,activator
G120,G631,activator
G120,G19,activator
G120,G985,activator
G120,G510,activator
G120,G828,activator
G120,G1536,activator
G120,G544,activator
G120,G501,activator
G120,G971,activator
G120,G516,activator
G120,G724,activator
G120,G963,activator
G120,G532,activator
G120,G547,activator
G120,G813,activator
G120,G1460,activator
G120,G429,activator
G120,G150,activator
G120,G901,activator
G120,G989,activator
G120,G712,activator
G120,G960,activator
G120,G142,activator
G120,G856,activator
G120,G288,activator
G120,G1108,activator
G120,G509,activator
G120,G196,activator
G120,G1118,activator
G120,G1592,activator
G120,G740,activator
G120,G730,activator
G120,G457,activator
G120,G1591,activator
G120,G765,repressor
G120,G627,activator
G120,G1122,activator
G120,G1004,activator
G120,G1549,activator
G120,G412,activator
G120,G1316,activator
G120,G642,activator
G120,G607,activator
G120,G1498,activator
G120,G1472,activator
G120,G1201,activator
G120,G770,activator
G120,G1007,activator
G120,G195,activator
G120,G577,activator
G120,G152,activator
G120,G1170,repressor
G120,G921,repressor
G120,G784,repressor
G120,G1518,activator
G120,G1547,activator
G120,G32,activator
G120,G62,activator
G120,G360,activator
G120,G817,activator
G120,G494,activator
G120,G902,activator
G120,G1139,activator
G120,G1311,activator
G120,G1281,activator
G120,G445,activator
G120,G316,activator
G120,G109,activator
G120,G1188,activator
G120,G181,activator
G120,G1458,activator
G120,G1641,activator
G120,G231,activator
G120,G1514,activator
G120,G1081,activator
G120,G1320,activator
G120,G1465,activator
G120,G620,activator
G120,G482,activator
G120,G1187,activator
G120,G1383,activator
G120,G878,activator
G120,G1041,repressor
G120,G862,activator
G120,G164,activator
G120,G789,activator
G120,G715,activator
G120,G678,activator
G120,G1035,activator
G120,G1198,activator
G120,G1613,activator
G120,G929,activator
G120,G1262,activator
G120,G39,activator
G120,G239,activator
G120,G443,activator
G120,G345,activator
G120,G1637,activator
G120,G1207,activator
G120,G117,activator
G120,G656,activator
G120,G27,activator
G120,G1554,activator
G120,G1516,activator
G120,G1608,activator
G120,G887,repressor
G120,G203,repressor
G120,G337,activator
G120,G506,activator
G120,G1585,repressor
G120,G1552,activator
G120,G1304,activator
G120,G542,activator
G120,G1161,activator
G120,G1567,activator
G120,G97,activator
G120,G1523,activator
G120,G1093,activator
G120,G904,activator
G120,G1018,activator
G120,G420,activator
G120,G1176,activator
G120,G552,activator
G120,G1457,repressor
G120,G1164,activator
G120,G831,activator
G120,G1414,activator
G120,G915,activator
G120,G933,activator
G120,G1086,activator
G120,G332,repressor
G120,G1225,activator
G120,G434,activator
G120,G1415,activator
G120,G80,activator
G120,G507,activator
G120,G1023,activator
G120,G1294,activator
G120,G612,activator
G120,G1034,repressor
G120,G757,activator
G120,G257,repressor
G120,G1540,activator
G120,G1559,activator
G120,G1357,activator
G120,G1322,activator
G120,G949,activator
G120,G1601,repressor
G120,G137,repressor
G120,G1222,repressor
G120,G684,activator
G120,G1619,activator
G120,G648,activator
G120,G854,activator
G120,G643,activator
G120,G579,activator
G120,G49,activator
G120,G193,activator
G120,G478,activator
G120,G1308,activator
G120,G375,repressor
G120,G415,repressor
G120,G858,repressor
G120,G899,activator
G120,G677,repressor
G120,G366,activator
G120,G808,repressor
G120,G898,activator
G120,G256,activator
G120,G359,activator
G120,G189,repressor
G120,G714,activator
G120,G1111,activator
G120,G58,activator
G120,G880,activator
G120,G1545,repressor
G120,G603,activator
G120,G794,activator
G120,G944,activator
G120,G321,activator
G120,G1639,activator
G120,G1522,activator
G120,G300,activator
G120,G819,repressor
G120,G1116,activator
G120,G1481,activator
G120,G495,activator
G120,G235,activator
G120,G820,activator
G120,G948,activator
G120,G1351,activator
G120,G1571,activator
G120,G1182,repressor
G120,G88,repressor
G120,G1630,activator
G120,G934,repressor
G120,G343,repressor
G120,G1203,repressor
G120,G1517,activator
G120,G294,activator
G120,G274,repressor
G120,G1133,repressor
G120,G232,activator
G120,G1333,activator
G120,G122,repressor
G120,G12,activator
G120,G778,activator
G120,G1501,activator
G120,G1335,repressor
G120,G1218,repressor
G120,G610,activator
G120,G392,activator
G120,G667,repressor
G120,G1047,repressor
G120,G1030,repressor
G120,G1372,activator
G120,G1496,activator
G120,G578,activator
G120,G487,activator
G120,G1342,activator
G120,G1211,activator
G120,G251,activator
G120,G555,activator
G120,G206,activator
G120,G424,activator
G120,G1354,activator
G120,G951,activator
G120,G455,repressor
G120,G855,activator
G120,G884,repressor
G120,G254,activator
G120,G1101,activator
G120,G1321,activator
G120,G1424,activator
G120,G210,activator
G120,G659,activator
G120,G991,activator
G120,G799,activator
G120,G5,activator
G120,G795,activator
G120,G653,activator
G120,G930,activator
G120,G1401,repressor
G120,G848,activator
G120,G335,activator
G120,G1507,activator
G120,G824,repressor
G120,G1369,repressor
G120,G129,repressor
G120,G864,activator
G120,G1439,activator
G120,G91,repressor
G120,G1264,activator
G120,G1634,repressor
G120,G1237,activator
G120,G1292,repressor
G120,G325,repressor
G120,G1476,repressor
G120,G1392,repressor
G120,G323,activator
G120,G618,activator
G120,G1024,activator
G120,G694,activator
G120,G852,activator
G120,G803,activator
G120,G1149,activator
G120,G790,activator
G120,G663,activator
G120,G1110,activator
G120,G1070,activator
G120,G728,activator
G120,G1177,activator
G120,G1278,activator
G120,G2,activator
G120,G1600,activator
G120,G334,activator
G120,G1107,repressor
G120,G1195,repressor
G120,G1066,activator
G120,G406,activator
G120,G554,activator
G120,G861,activator
G120,G169,activator
G120,G697,activator
G120,G447,activator
G120,G540,activator
G120,G3,activator
G120,G1252,activator
G120,G1288,activator
G120,G1147,activator
G120,G1385,activator
G120,G1443,activator
G120,G386,repressor
G120,G1008,repressor
G120,G928,repressor
G120,G1569,activator
G120,G1393,activator
G120,G1045,activator
G120,G954,activator
G120,G1480,activator
G120,G1247,activator
G120,G836,activator
G120,G313,activator
G120,G897,activator
G120,G571,repressor
G120,G1190,activator
G120,G472,activator
G120,G156,activator
G120,G640,activator
G120,G468,activator
G120,G1343,activator
G120,G1492,activator
G120,G200,repressor
G120,G845,repressor
G120,G996,repressor
G120,G945,activator
G120,G597,repressor
G120,G1275,activator
G120,G113,activator
G120,G1479,activator
G120,G1332,activator
G120,G529,activator
G120,G234,activator
G120,G1446,activator
G120,G1622,activator
G120,G504,activator
G120,G731,activator
G120,G1165,activator
G120,G688,activator
G120,G1324,activator
G120,G932,activator
G120,G601,activator
G120,G1642,repressor
G120,G496,activator
G120,G362,repressor
G120,G670,activator
G120,G165,activator
G120,G179,activator
G120,G303,activator
G120,G1397,repressor
G120,G1306,repressor
G120,G702,activator
G120,G1546,activator
G120,G980,activator
G120,G126,repressor
G120,G1169,activator
G120,G1014,activator
G120,G1580,activator
G120,G913,activator
G120,G924,activator
G120,G1194,repressor
G120,G1640,repressor
G120,G1239,activator
G120,G594,activator
G120,G1285,activator
G120,G1527,activator
G120,G539,activator
G120,G588,activator
G120,G1011,activator
G120,G171,activator
G120,G115,activator
G120,G119,activator
G120,G533,activator
G120,G403,activator
G120,G1605,activator
G120,G961,activator
G120,G458,activator
G120,G73,activator
G120,G1453,activator
G120,G1307,activator
G120,G292,activator
G120,G78,activator
G120,G615,activator
G120,G1240,repressor
G120,G675,repressor
G120,G135,activator
G120,G282,repressor
G120,G241,activator
G120,G245,activator
G120,G492,repressor
G120,G227,repressor
G120,G1186,activator
G120,G1197,activator
G120,G1422,activator
G120,G722,activator
G120,G13,activator
G120,G1544,activator
G120,G1221,activator
G120,G1263,activator
G120,G1153,activator
G120,G57,activator
G120,G755,activator
G120,G1455,repressor
G120,G1617,activator
G120,G1583,activator
G120,G1399,activator
G120,G676,activator
G120,G1566,activator
G120,G686,repressor
G120,G987,activator
G120,G1364,activator
G120,G869,repressor
G120,G396,repressor
G120,G849,repressor
G120,G1150,activator
G120,G1159,activator
G120,G834,activator
G120,G63,activator
G120,G1450,activator
G120,G186,activator
G120,G1154,activator
G120,G706,repressor
G120,G1533,activator
G120,G958,activator
G120,G1611,activator
G120,G827,activator
G120,G238,activator
G120,G894,activator
G109,G445,activator
G109,G1281,activator
G109,G549,activator
G109,G798,activator
G109,G316,activator
G109,G1109,activator
G109,G1255,activator
G109,G484,activator
G109,G1406,repressor
G64,G631,repressor
G64,G803,repressor
G64,G932,repressor
G64,G1324,repressor
G64,G615,repressor
G20,G861,activator
G20,G136,activator
G111,G315,repressor
G111,G829,repressor
G111,G699,repressor
G111,G1629,repressor
G111,G438,repressor
G111,G381,activator
G111,G548,activator
G98,G1515,activator
G98,G440,activator
G98,G531,activator
G98,G710,activator
G98,G1167,activator
G112,G1293,activator
G112,G879,activator
G112,G1146,activator
G8,G400,activator
G8,G1504,activator
G8,G974,activator
G8,G823,repressor
G8,G556,repressor
G8,G1123,repressor
G8,G779,repressor
G8,G582,repressor
G8,G23,activator
G8,G777,activator
G8,G1160,repressor
G8,G937,activator
G8,G941,activator
G8,G1459,activator
G8,G205,activator
G8,G773,activator
G8,G1395,activator
G8,G485,activator
G8,G563,activator
G8,G1181,activator
G8,G843,activator
G8,G346,activator
G8,G285,activator
G137,G332,repressor
G137,G1222,repressor
G137,G684,repressor
G137,G795,repressor
G137,G706,repressor
G137,G1008,repressor
G137,G755,repressor
G137,G610,repressor
G137,G274,repressor
G137,G1533,repressor
G137,G928,repressor
G150,G292,activator
G150,G1548,activator
G150,G895,activator
G150,G503,activator
G150,G464,activator
G150,G1516,activator
G150,G1201,activator
G41,G1222,repressor
G41,G1008,repressor
G41,G274,repressor
G41,G1533,repressor
G41,G706,repressor
G41,G684,repressor
G39,G1047,repressor
G39,G1262,repressor
G39,G1034,repressor
G39,G58,repressor
G39,G603,repressor
G39,G794,repressor
G39,G392,repressor
G39,G667,repressor
G39,G944,repressor
G174,G322,activator
G174,G1257,activator
G174,G1474,activator
G30,G395,repressor
G30,G690,repressor
G192,G1253,repressor
G192,G755,repressor
G192,G1249,repressor
G192,G807,activator
G192,G294,activator
G192,G1517,activator
G192,G406,repressor
G192,G554,repressor
G192,G1304,repressor
G192,G626,repressor
G108,G827,activator
G108,G1611,activator
G33,G1297,repressor
G33,G842,repressor
G87,G1333,activator
G87,G1063,activator
G128,G1369,activator
G128,G427,activator
G128,G31,activator
G128,G327,activator
G128,G624,activator
G128,G1467,activator
G128,G252,activator
G128,G671,activator
G128,G526,activator
G128,G824,activator
G128,G1259,activator
G128,G286,activator
G128,G126,activator
G76,G1498,repressor
G76,G1472,repressor
G76,G1007,repressor
G76,G195,repressor
G76,G196,repressor
G76,G313,repressor
G76,G897,repressor
G180,G1539,repressor
G180,G1538,repressor
G75,G1546,repressor
G75,G236,repressor
G75,G957,repressor
G75,G222,repressor
G75,G1640,repressor
G75,G103,activator
G75,G1539,activator
G75,G1538,activator
G75,G1295,repressor
G75,G950,repressor
G75,G336,repressor
G181,G1158,activator
G101,G1485,activator
G101,G970,activator
G101,G907,activator
G101,G747,activator
G101,G1555,activator
G101,G1470,activator
G101,G390,activator
G101,G1135,activator
G101,G317,activator
G101,G319,activator
G101,G910,activator
G101,G377,activator
G101,G1145,activator
G101,G964,activator
G101,G276,activator
G101,G1343,activator
G101,G1446,activator
G101,G1223,activator
G101,G373,activator
G101,G860,activator
G101,G1478,activator
G101,G771,activator
G101,G350,activator
G101,G1080,activator
G101,G1556,activator
G101,G1072,activator
G101,G1570,activator
G101,G184,activator
G101,G660,activator
G171,G1263,activator
G171,G1153,activator
G171,G1278,activator
G171,G1600,activator
G171,G409,repressor
G171,G406,repressor
G171,G554,repressor
G171,G861,repressor
G171,G357,repressor
G171,G136,activator
G171,G169,activator
G171,G49,repressor
G171,G889,repressor
G171,G1087,repressor
G171,G1418,repressor
G171,G250,repressor
G171,G550,repressor
G171,G745,repressor
G171,G375,activator
G171,G520,repressor
G171,G347,activator
G171,G808,activator
G171,G898,activator
G171,G256,activator
G171,G359,activator
G171,G321,activator
G171,G1483,activator
G171,G1116,repressor
G171,G495,repressor
G171,G235,repressor
G171,G820,repressor
G171,G1630,repressor
G171,G1642,repressor
G171,G746,repressor
G171,G637,repressor
G171,G165,activator
G171,G179,activator
G171,G303,repressor
G171,G1397,repressor
G171,G758,activator
G171,G951,activator
G171,G455,activator
G171,G850,activator
G171,G775,activator
G171,G1230,repressor
G171,G254,activator
G171,G991,repressor
G171,G799,repressor
G171,G1375,repressor
G171,G1421,repressor
G171,G851,repressor
G171,G886,repressor
G171,G394,repressor
G171,G814,repressor
G171,G5,repressor
G171,G1310,activator
G171,G388,activator
G171,G723,activator
G171,G1044,activator
G171,G729,activator
G171,G1602,activator
G171,G1558,activator
G171,G1233,activator
G171,G592,activator
G171,G363,activator
G171,G644,activator
G171,G546,repressor
G171,G542,repressor
G171,G428,activator
G171,G233,activator
G171,G915,repressor
G171,G933,repressor
G171,G1086,repressor
G171,G1550,activator
G171,G1296,activator
G171,G120,repressor
G171,G1601,repressor
G171,G1222,activator
G171,G684,activator
G171,G706,activator
G171,G1533,activator
G171,G530,repressor
G171,G926,repressor
G171,G1581,repressor
G171,G1295,activator
G171,G336,activator
G171,G292,repressor
G171,G722,activator
G171,G13,activator
G171,G1544,activator
G171,G1315,repressor
G171,G1221,activator
G171,G1425,activator
G171,G488,activator
G171,G661,activator
G171,G1179,activator
G171,G1436,activator
G171,G693,activator
G171,G1412,activator
G171,G735,activator
G171,G802,activator
G171,G1334,activator
G171,G1593,activator
G171,G1170,activator
G171,G1185,activator
G171,G219,activator
G171,G1270,activator
G171,G1067,activator
G171,G908,activator
G171,G270,activator
G171,G1599,activator
G171,G832,activator
G171,G608,activator
G171,G1551,activator
G171,G759,activator
G171,G1272,activator
G171,G1208,activator
G171,G213,activator
G171,G1564,activator
G171,G425,activator
G171,G791,activator
G171,G512,activator
G171,G1371,activator
G171,G1373,activator
G171,G1408,activator
G171,G1519,repressor
G171,G293,repressor
G171,G657,repressor
G171,G1461,repressor
G171,G1250,repressor
G171,G766,activator
G171,G934,repressor
G171,G343,repressor
G171,G1203,repressor
G171,G1517,activator
G171,G294,activator
G171,G1133,activator
G171,G940,repressor
G171,G1468,activator
G171,G778,repressor
G171,G1218,activator
G171,G392,repressor
G171,G1121,repressor
G171,G265,activator
G171,G1455,activator
G171,G797,activator
G171,G900,activator
G171,G1443,activator
G171,G920,activator
G171,G581,activator
G171,G200,activator
G171,G845,activator
G171,G996,activator
G171,G1479,activator
G171,G504,repressor
G171,G1151,activator
G171,G743,activator
G171,G621,activator
G171,G382,activator
G171,G611,activator
G171,G630,activator
G171,G1132,activator
G171,G333,activator
G171,G340,activator
G171,G917,activator
G171,G451,activator
G171,G399,activator
G171,G1002,activator
G171,G1000,activator
G171,G635,activator
G171,G580,activator
G171,G764,activator
G171,G576,activator
G171,G562,activator
G171,G1049,activator
G171,G784,repressor
G171,G1547,repressor
G171,G1188,repressor
G171,G1041,repressor
G171,G1344,repressor
G171,G1058,activator
G171,G1248,repressor
G171,G1510,repressor
G171,G19,repressor
G171,G1327,repressor
G171,G971,repressor
G171,G516,repressor
G171,G724,repressor
G171,G348,activator
G171,G129,repressor
G171,G864,repressor
G171,G1439,repressor
G171,G1024,repressor
G171,G694,repressor
G171,G577,repressor
G171,G152,repressor
G171,G298,activator
G171,G1430,activator
G171,G882,activator
G171,G826,activator
G171,G1200,activator
G171,G1037,activator
G171,G1105,activator
G171,G1314,activator
G171,G1433,activator
G171,G1432,activator
G171,G800,activator
G171,G269,activator
G171,G389,activator
G171,G469,activator
G171,G1442,activator
G171,G483,activator
G171,G1487,activator
G171,G1095,activator
G171,G456,activator
G171,G916,activator
G171,G1339,activator
G171,G1563,activator
G171,G1484,activator
G115,G911,activator
G115,G1199,activator
G115,G297,activator
G115,G1079,activator
G115,G1530,activator
G115,G378,activator
G115,G1042,activator
G115,G649,activator
G115,G1360,activator
G115,G866,activator
G115,G374,activator
G115,G1636,activator
G115,G1318,activator
G115,G641,activator
G115,G709,activator
G115,G1027,activator
G115,G1574,activator
G115,G538,activator
G115,G1438,activator
G115,G809,activator
G115,G769,activator
G115,G669,activator
G115,G1513,activator
G115,G1447,activator
G115,G266,activator
G115,G1394,activator
G115,G449,activator
G119,G1027,activator
G119,G1574,activator
G119,G538,activator
G119,G1438,activator
G119,G809,activator
G119,G769,activator
G119,G669,activator
G119,G1513,activator
G119,G1447,activator
G119,G266,activator
G119,G1394,activator
G119,G449,activator
G115,G1340,activator
G115,G754,activator
G115,G224,activator
G115,G1221,activator
G115,G1263,activator
G115,G1153,activator
G115,G1639,repressor
G115,G1116,repressor
G115,G1481,repressor
G115,G495,repressor
G115,G1075,activator
G115,G1410,activator
G115,G522,activator
G115,G1142,activator
G115,G407,activator
G115,G349,activator
G115,G665,activator
G115,G1128,activator
G115,G1473,activator
G115,G1499,activator
G115,G489,activator
G115,G557,activator
G115,G1223,activator
G115,G373,activator
G115,G1152,activator
G115,G587,activator
G115,G1230,activator
G115,G1375,activator
G115,G1421,activator
G115,G851,activator
G115,G886,activator
G115,G394,activator
G115,G814,activator
G115,G598,activator
G115,G1137,activator
G115,G1638,activator
G115,G1505,activator
G115,G1238,activator
G115,G997,activator
G115,G867,activator
G115,G952,activator
G115,G1055,activator
G115,G465,activator
G115,G1235,activator
G115,G280,activator
G115,G490,activator
G115,G1236,activator
G115,G1428,activator
G115,G896,activator
G115,G1173,activator
G115,G1144,activator
G115,G1009,activator
G119,G1221,activator
G119,G1263,activator
G119,G1153,activator
G119,G1639,repressor
G119,G1116,repressor
G119,G1481,repressor
G119,G495,repressor
G119,G1075,activator
G119,G1410,activator
G119,G522,activator
G119,G1142,activator
G119,G407,activator
G119,G349,activator
G119,G665,activator
G119,G1128,activator
G119,G1473,activator
G119,G1499,activator
G119,G489,activator
G119,G557,activator
G119,G1223,activator
G119,G373,activator
G119,G1152,activator
G119,G587,activator
G119,G1230,activator
G119,G1375,activator
G119,G1421,activator
G119,G851,activator
G119,G886,activator
G119,G394,activator
G119,G814,activator
G119,G598,activator
G119,G1137,activator
G119,G1638,activator
G119,G1505,activator
G119,G1238,activator
G119,G997,activator
G119,G867,activator
G119,G952,activator
G119,G1055,activator
G119,G465,activator
G119,G1235,activator
G119,G280,activator
G119,G490,activator
G119,G1236,activator
G119,G1428,activator
G119,G896,activator
G119,G1173,activator
G119,G1144,activator
G119,G1009,activator
G119,G911,activator
G119,G1199,activator
G119,G297,activator
G119,G1079,activator
G119,G1530,activator
G119,G378,activator
G119,G1042,activator
G119,G649,activator
G119,G1360,activator
G119,G866,activator
G119,G374,activator
G119,G1636,activator
G119,G1318,activator
G119,G641,activator
G119,G709,activator
G119,G1340,activator
G119,G754,activator
G119,G224,activator
G84,G337,repressor
G84,G506,repressor
G84,G474,activator
G84,G644,activator
G84,G1304,repressor
G84,G542,activator
G84,G121,repressor
G84,G1414,activator
G84,G153,activator
G84,G628,activator
G84,G602,activator
G84,G534,activator
G84,G725,activator
G84,G1402,repressor
G84,G1117,repressor
G84,G1114,repressor
G84,G523,activator
G84,G1540,repressor
G84,G1559,repressor
G84,G1357,repressor
G84,G1322,repressor
G84,G949,repressor
G84,G1601,activator
G84,G530,activator
G84,G1306,repressor
G84,G139,activator
G84,G225,activator
G84,G1211,activator
G84,G251,activator
G84,G555,activator
G84,G206,activator
G84,G424,activator
G84,G1354,activator
G84,G315,activator
G84,G829,activator
G84,G699,activator
G84,G1629,activator
G84,G545,activator
G84,G438,activator
G84,G850,repressor
G84,G775,repressor
G84,G1230,activator
G84,G254,activator
G84,G230,activator
G84,G1375,activator
G84,G1421,activator
G84,G851,activator
G84,G886,activator
G84,G394,activator
G84,G814,activator
G84,G72,repressor
G84,G1505,activator
G84,G1238,activator
G84,G997,activator
G84,G867,activator
G84,G952,activator
G84,G1055,activator
G84,G465,activator
G84,G1235,activator
G84,G280,activator
G84,G490,activator
G84,G1236,activator
G84,G1428,activator
G84,G896,activator
G84,G1368,activator
G84,G1469,activator
G84,G1614,activator
G84,G1390,activator
G84,G736,activator
G84,G1310,repressor
G84,G388,repressor
G84,G723,repressor
G84,G1044,repressor
G84,G729,repressor
G84,G1602,repressor
G84,G1558,repressor
G84,G1233,repressor
G84,G592,repressor
G84,G363,repressor
G84,G348,repressor
G84,G692,activator
G84,G1616,activator
G84,G1462,repressor
G84,G881,activator
G84,G1144,activator
G84,G1009,activator
G84,G1291,activator
G84,G1516,activator
G84,G1282,activator
G84,G1349,activator
G84,G890,activator
G84,G284,activator
G84,G1160,activator
G84,G493,repressor
G84,G1633,repressor
G84,G505,repressor
G84,G1316,activator
G84,G872,repressor
G84,G1131,repressor
G84,G732,repressor
G84,G818,repressor
G84,G1498,activator
G84,G431,activator
G84,G427,activator
G84,G270,activator
G84,G784,repressor
G84,G32,activator
G84,G662,activator
G84,G524,activator
G84,G1104,activator
G84,G599,activator
G84,G823,activator
G84,G556,activator
G84,G1123,activator
G84,G779,activator
G84,G1413,activator
G84,G1188,activator
G84,G268,repressor
G84,G1051,repressor
G84,G1172,activator
G84,G616,activator
G84,G1330,activator
G84,G1326,activator
G84,G418,activator
G84,G369,activator
G84,G1626,activator
G84,G473,activator
G84,G372,activator
G84,G1284,activator
G84,G685,activator
G84,G266,activator
G84,G252,activator
G84,G860,repressor
G84,G1478,repressor
G84,G771,repressor
G84,G350,repressor
G84,G1080,repressor
G84,G1556,repressor
G84,G1072,repressor
G84,G1570,repressor
G84,G184,repressor
G84,G660,repressor
G84,G793,repressor
G84,G290,activator
G84,G939,activator
G84,G953,activator
G84,G1471,activator
G84,G354,activator
G84,G1056,activator
G84,G985,activator
G84,G1169,activator
G84,G1014,activator
G84,G1342,activator
G84,G828,activator
G84,G1536,activator
G84,G935,repressor
G84,G150,activator
G84,G228,activator
G84,G1078,repressor
G84,G979,activator
G84,G196,activator
G84,G713,activator
G84,G768,activator
G84,G926,activator
G84,G1581,activator
G84,G1076,repressor
G84,G651,activator
G84,G1497,activator
G84,G1511,activator
G84,G1485,activator
G84,G565,activator
G84,G1407,activator
G84,G101,activator
G84,G464,activator
G84,G503,activator
G84,G895,activator
G84,G1548,activator
G84,G1307,repressor
G84,G292,activator
G84,G1358,activator
G84,G1221,activator
G84,G1263,activator
G84,G1153,activator
G84,G1278,activator
G84,G1600,activator
G84,G1107,repressor
G84,G1195,repressor
G84,G1043,repressor
G84,G511,repressor
G84,G377,activator
G84,G1145,activator
G84,G964,activator
G84,G276,activator
G84,G859,activator
G84,G808,activator
G84,G1577,activator
G84,G467,activator
G84,G1519,activator
G84,G293,activator
G84,G657,activator
G84,G1461,activator
G84,G1250,activator
G84,G176,repressor
G84,G1227,repressor
G84,G766,repressor
G84,G934,activator
G84,G343,activator
G84,G1203,activator
G84,G778,activator
G84,G1482,activator
G84,G1033,activator
G84,G217,repressor
G84,G99,repressor
G84,G129,repressor
G84,G1205,activator
G84,G1631,activator
G84,G1325,activator
G84,G1490,activator
G84,G220,repressor
G84,G358,repressor
G84,G1543,activator
G84,G454,activator
G84,G441,activator
G84,G1246,repressor
G84,G1245,activator
G84,G1376,repressor
G84,G1624,repressor
G84,G569,activator
G84,G1017,activator
G84,G1347,activator
G84,G1377,activator
G84,G590,repressor
G84,G844,activator
G84,G541,repressor
G84,G1579,activator
G84,G863,activator
G84,G1617,repressor
G84,G1583,repressor
G84,G1399,repressor
G84,G676,repressor
G84,G1364,repressor
G84,G1154,repressor
G84,G697,repressor
G84,G447,repressor
G84,G540,repressor
G84,G839,activator
G84,G966,activator
G84,G3,activator
G84,G1252,activator
G84,G1288,activator
G84,G892,repressor
G84,G156,activator
G84,G614,activator
G84,G1343,repressor
G84,G287,repressor
G84,G1492,activator
G84,G1509,activator
G84,G1328,activator
G84,G1275,activator
G84,G695,repressor
G84,G782,repressor
G84,G261,repressor
G84,G342,repressor
G84,G1332,activator
G84,G1449,repressor
G84,G1446,repressor
G84,G411,repressor
G84,G688,repressor
G84,G812,activator
G84,G1010,repressor
G84,G664,repressor
G84,G331,activator
G84,G1381,activator
G84,G811,activator
G84,G561,activator
G84,G1244,activator
G84,G510,activator
G43,G887,activator
G43,G883,repressor
G43,G1585,activator
G43,G644,repressor
G43,G499,activator
G43,G1034,activator
G43,G1114,activator
G43,G523,activator
G43,G1601,repressor
G43,G943,repressor
G43,G1615,repressor
G43,G1331,repressor
G43,G1239,repressor
G43,G432,repressor
G43,G1384,repressor
G43,G241,repressor
G43,G245,repressor
G43,G1379,activator
G43,G603,repressor
G43,G794,repressor
G43,G944,repressor
G43,G235,repressor
G43,G820,repressor
G43,G934,repressor
G43,G343,repressor
G43,G1203,repressor
G43,G568,activator
G43,G891,repressor
G43,G1501,repressor
G43,G1403,activator
G43,G667,repressor
G43,G1047,activator
G43,G1202,repressor
G43,G1589,repressor
G43,G688,activator
G43,G1223,repressor
G43,G5,repressor
G43,G694,repressor
G43,G1003,repressor
G43,G203,activator
G73,G533,activator
G73,G403,activator
G73,G1605,activator
G73,G1453,activator
G73,G458,activator
G73,G961,activator
G78,G1357,repressor
G78,G1322,repressor
G78,G949,repressor
G78,G238,repressor
G78,G894,repressor
G78,G1580,repressor
G78,G913,repressor
G78,G924,repressor
G78,G651,repressor
G78,G1456,repressor
G78,G1001,repressor
G78,G565,repressor
G78,G1094,repressor
G78,G1407,repressor
G78,G619,repressor
G78,G1526,repressor
G78,G689,repressor
G78,G1520,repressor
G78,G1386,repressor
G78,G115,repressor
G78,G119,repressor
G78,G594,repressor
G78,G1285,repressor
G78,G1527,repressor
G78,G539,repressor
G78,G588,repressor
G78,G1336,repressor
G78,G1068,repressor
G78,G1011,repressor
G78,G893,repressor
G78,G262,repressor
G78,G385,repressor
G78,G292,activator
G78,G511,repressor
G78,G520,repressor
G78,G415,repressor
G78,G859,repressor
G78,G1127,repressor
G78,G83,repressor
G78,G1333,activator
G78,G92,repressor
G78,G240,activator
G78,G1617,activator
G78,G1583,activator
G78,G1399,activator
G78,G676,activator
G78,G1364,repressor
G78,G869,activator
G78,G1154,activator
G78,G697,activator
G78,G447,activator
G78,G540,activator
G78,G1013,repressor
G78,G1046,activator
G78,G640,repressor
G78,G1192,repressor
G78,G258,repressor
G78,G413,repressor
G78,G692,repressor
G78,G1616,repressor
G78,G558,repressor
G78,G370,repressor
G78,G1022,repressor
G78,G586,repressor
G78,G1311,repressor
G78,G513,repressor
G78,G1213,repressor
G78,G727,repressor
G78,G244,repressor
G78,G1189,repressor
G78,G1586,repressor
G78,G629,repressor
G78,G1062,activator
G78,G65,activator
G78,G201,repressor
G78,G476,repressor
G78,G452,repressor
G78,G1157,repressor
G78,G1098,repressor
G78,G806,repressor
G78,G768,repressor
G78,G1294,repressor
G78,G1540,repressor
G78,G1559,repressor
G126,G992,activator
G126,G16,activator
G126,G923,activator
G126,G1206,activator
G126,G1466,activator
G126,G1618,activator
G126,G1397,activator
G126,G1266,activator
G126,G1306,activator
G126,G824,activator
G126,G1369,activator
G126,G99,activator
G126,G129,activator
G126,G784,activator
G126,G1041,activator
G126,G1477,activator
G126,G658,activator
G126,G1540,activator
G126,G1559,activator
G126,G1357,activator
G126,G1322,activator
G126,G949,activator
G126,G672,activator
G126,G703,activator
G126,G1107,activator
G126,G1195,activator
G126,G1050,activator
G126,G931,activator
G126,G397,activator
G126,G187,activator
G99,G1441,activator
G99,G824,activator
G99,G1369,activator
G99,G129,repressor
G99,G784,repressor
G99,G1389,activator
G99,G1041,repressor
G99,G1206,repressor
G99,G1466,repressor
G99,G1618,repressor
G99,G1397,repressor
G99,G126,activator
G99,G1534,activator
G129,G126,activator
G129,G136,activator
G129,G1397,activator
G129,G1618,activator
G129,G1466,repressor
G129,G1206,activator
G129,G752,activator
G129,G415,activator
G129,G1041,activator
G129,G1266,activator
G129,G658,activator
G129,G1477,activator
G129,G1084,activator
G129,G1572,activator
G129,G1534,activator
G129,G1441,activator
G129,G1267,activator
G129,G824,activator
G129,G1369,activator
G129,G1129,activator
G129,G875,activator
G129,G1389,activator
G129,G784,activator
G129,G99,repressor
G96,G848,repressor
G96,G884,repressor
G96,G495,repressor
G96,G1481,repressor
G96,G1240,repressor
G96,G282,repressor
G96,G135,repressor
G96,G675,activator
G96,G1116,repressor
G135,G848,repressor
G135,G884,repressor
G135,G495,repressor
G135,G1481,repressor
G135,G1116,repressor
G135,G282,repressor
G135,G96,repressor
G135,G1240,repressor
G135,G675,repressor
G36,G854,repressor
G36,G648,repressor
G36,G1619,repressor
G36,G790,repressor
G36,G1149,repressor
G36,G443,repressor
G118,G854,repressor
G118,G648,repressor
G118,G1619,repressor
G118,G790,repressor
G118,G1149,repressor
G118,G443,repressor
G82,G1358,activator
G82,G811,repressor
G82,G804,activator
G82,G230,repressor
G19,G1370,activator
G19,G310,activator
G19,G1273,activator
G19,G733,activator
G19,G573,activator
G19,G480,activator
G2,G702,repressor
G2,G1600,repressor
G2,G1278,repressor
G2,G1177,repressor
G2,G1070,repressor
G2,G663,repressor
G2,G1153,repressor
G2,G1221,repressor
G2,G1263,repressor
G22,G376,activator
G51,G943,repressor
G51,G1615,repressor
G51,G288,repressor
G51,G856,repressor
G51,G142,repressor
G51,G429,repressor
G51,G1460,repressor
G51,G607,repressor
G51,G642,repressor
G51,G1549,repressor
G51,G852,repressor
G51,G335,repressor
G63,G1159,activator
G63,G834,activator
G63,G1450,activator
G63,G186,activator
G63,G1118,activator
G63,G1150,activator
G186,G1118,repressor
G186,G1159,repressor
G186,G834,repressor
G186,G63,repressor
G186,G1450,repressor
G186,G1150,repressor
G10,G995,activator
G10,G1312,activator
G10,G299,activator
G10,G211,activator
G10,G498,activator
G159,G119,repressor
G159,G115,repressor
G79,G85,repressor
G85,G79,repressor
G136,G687,repressor
G136,G1509,repressor
G136,G1328,repressor
G136,G1500,repressor
G136,G1479,activator
G136,G726,activator
G136,G1300,repressor
G136,G1324,activator
G136,G932,activator
G136,G1473,activator
G136,G1499,activator
G136,G1092,repressor
G136,G1206,repressor
G136,G1466,repressor
G136,G1618,repressor
G136,G746,repressor
G136,G1266,repressor
G136,G1537,repressor
G136,G55,repressor
G136,G884,repressor
G136,G481,activator
G136,G1096,activator
G136,G750,activator
G136,G560,activator
G136,G273,activator
G136,G99,repressor
G136,G129,repressor
G136,G803,activator
G136,G431,repressor
G136,G1430,repressor
G136,G658,repressor
G136,G1114,repressor
G136,G523,repressor
G136,G285,repressor
G136,G1601,repressor
G136,G773,repressor
G136,G937,repressor
G136,G941,repressor
G136,G1459,repressor
G136,G651,activator
G136,G1497,repressor
G136,G1511,repressor
G136,G565,activator
G136,G1407,activator
G136,G1352,activator
G136,G416,repressor
G136,G1148,activator
G136,G1089,activator
G136,G1416,repressor
G136,G903,activator
G136,G1298,activator
G136,G1112,activator
G136,G115,activator
G136,G119,activator
G136,G703,activator
G136,G615,activator
G136,G1240,repressor
G136,G675,repressor
G136,G282,repressor
G136,G1261,activator
G136,G1028,repressor
G136,G404,repressor
G136,G380,repressor
G136,G858,repressor
G136,G899,repressor
G136,G677,repressor
G136,G134,repressor
G136,G321,activator
G136,G448,activator
G136,G1258,repressor
G136,G934,repressor
G136,G343,repressor
G136,G1203,repressor
G136,G825,repressor
G136,G1562,repressor
G136,G906,repressor
G136,G318,repressor
G136,G16,repressor
G136,G656,activator
G136,G240,repressor
G136,G869,repressor
G136,G1150,activator
G136,G1159,activator
G136,G834,activator
G136,G63,activator
G136,G1450,activator
G136,G186,activator
G136,G188,repressor
G136,G721,activator
G136,G417,repressor
G136,G1508,repressor
G136,G882,repressor
G136,G469,repressor
G136,G1442,repressor
G136,G1487,repressor
G136,G1563,repressor
G136,G1484,repressor
G136,G796,repressor
G136,G270,repressor
G136,G832,repressor
G136,G608,repressor
G136,G1551,repressor
G136,G1272,repressor
G136,G1208,repressor
G136,G1564,repressor
G136,G425,repressor
G136,G791,repressor
G136,G1371,repressor
G136,G1373,repressor
G136,G1151,repressor
G136,G743,repressor
G136,G621,repressor
G136,G611,repressor
G136,G630,repressor
G136,G1132,repressor
G136,G399,repressor
G136,G784,repressor
G136,G32,repressor
G136,G1188,activator
G136,G857,repressor
G136,G1394,activator
G136,G1119,repressor
G136,G739,activator
G136,G631,activator
G136,G339,repressor
G136,G1353,repressor
G136,G15,repressor
G136,G1118,activator
G136,G768,activator
G136,G242,activator
G136,G1349,repressor
G136,G66,repressor
G136,G915,repressor
G136,G933,repressor
G136,G1086,repressor
G136,G162,repressor
G136,G1477,repressor
G169,G988,repressor
G49,G1503,repressor
G49,G978,repressor
G49,G884,repressor
G49,G1363,repressor
G49,G988,repressor
G49,G282,repressor
G49,G675,repressor
G49,G1240,repressor
G169,G796,activator
G169,G1503,repressor
G169,G1240,repressor
G169,G675,repressor
G169,G282,repressor
G49,G796,activator
G169,G1363,repressor
G169,G884,repressor
G169,G978,repressor
G184,G660,activator
G184,G1570,activator
G184,G1072,activator
G184,G1556,activator
G184,G1343,activator
G184,G350,activator
G184,G771,activator
G184,G1478,activator
G184,G860,activator
G184,G1446,activator
G184,G1080,activator
G103,G1585,repressor
G103,G203,repressor
G103,G887,repressor
G142,G607,repressor
G142,G856,activator
G142,G288,activator
G142,G1549,activator
G142,G335,activator
G142,G642,repressor
G194,G85,activator
G194,G79,activator
G194,G907,activator
G194,G747,activator
G194,G1555,activator
G194,G1470,activator
G194,G390,activator
G194,G1135,activator
G194,G317,activator
G194,G319,activator
G194,G910,activator
G194,G377,activator
G194,G1145,activator
G194,G964,activator
G194,G276,activator
G194,G914,activator
G194,G305,repressor
G194,G873,repressor
G194,G1404,repressor
G194,G988,repressor
G194,G1519,activator
G194,G293,activator
G194,G657,activator
G194,G1461,activator
G194,G1250,activator
G194,G766,repressor
G194,G934,activator
G194,G343,repressor
G194,G1203,activator
G194,G1063,repressor
G194,G1333,repressor
G194,G122,repressor
G194,G778,activator
G194,G1482,activator
G194,G1033,activator
G194,G217,activator
G194,G1491,activator
G194,G255,activator
G194,G1506,activator
G194,G1220,activator
G194,G679,activator
G194,G1631,activator
G194,G1325,activator
G194,G1490,activator
G194,G755,activator
G194,G1364,repressor
G194,G869,repressor
G194,G1154,repressor
G194,G697,repressor
G194,G447,repressor
G194,G540,repressor
G194,G3,activator
G194,G1252,activator
G194,G1288,activator
G194,G1363,repressor
G194,G1492,activator
G194,G1332,activator
G194,G1196,repressor
G194,G504,activator
G194,G1010,repressor
G194,G664,repressor
G194,G727,activator
G194,G244,activator
G194,G1189,activator
G194,G1586,activator
G194,G629,activator
G194,G793,repressor
G194,G970,activator
G194,G480,activator
G194,G1273,activator
G194,G310,activator
G194,G1370,activator
G194,G1327,repressor
G194,G510,activator
G194,G828,activator
G194,G1536,activator
G194,G475,activator
G194,G822,activator
G194,G278,activator
G194,G1405,repressor
G194,G901,repressor
G194,G989,repressor
G194,G712,repressor
G194,G960,repressor
G194,G1226,activator
G194,G546,repressor
G194,G1550,repressor
G194,G1296,repressor
G194,G1601,repressor
G194,G1181,activator
G194,G563,activator
G194,G485,activator
G194,G530,repressor
G194,G926,repressor
G194,G1581,repressor
G194,G1076,activator
G194,G1194,repressor
G194,G101,activator
G194,G1352,activator
G194,G416,activator
G194,G1148,activator
G194,G1089,activator
G194,G903,activator
G194,G1298,activator
G194,G1112,activator
G194,G171,activator
G194,G115,repressor
G194,G119,repressor
G194,G291,activator
G194,G492,activator
G194,G977,activator
G194,G646,activator
G194,G1315,activator
G194,G1278,repressor
G194,G1600,repressor
G194,G334,activator
G194,G1107,activator
G194,G1195,activator
G194,G1043,activator
G194,G141,repressor
G194,G1421,activator
G194,G851,activator
G194,G886,repressor
G194,G394,activator
G194,G814,activator
G194,G1276,activator
G194,G430,activator
G194,G481,activator
G194,G72,activator
G194,G1310,repressor
G194,G388,repressor
G194,G723,repressor
G194,G1044,repressor
G194,G729,repressor
G194,G1602,repressor
G194,G1558,repressor
G194,G1233,repressor
G194,G592,repressor
G194,G363,repressor
G194,G348,repressor
G194,G283,repressor
G194,G613,repressor
G194,G91,repressor
G194,G1264,activator
G194,G1634,activator
G194,G1237,activator
G194,G1292,activator
G194,G325,activator
G194,G1476,activator
G194,G1392,activator
G194,G323,activator
G194,G618,activator
G194,G1160,repressor
G194,G1633,activator
G194,G505,repressor
G194,G1122,repressor
G194,G1004,repressor
G194,G1316,repressor
G194,G872,activator
G194,G1131,activator
G194,G732,activator
G194,G818,activator
G194,G573,activator
G194,G770,repressor
G194,G796,repressor
G194,G733,activator
G194,G376,activator
G194,G823,activator
G194,G556,activator
G194,G1123,repressor
G194,G779,repressor
G194,G1458,activator
G194,G1641,activator
G194,G231,activator
G194,G1514,activator
G194,G1081,activator
G194,G1320,activator
G194,G1465,activator
G194,G620,activator
G194,G482,activator
G194,G1187,activator
G194,G1383,activator
G194,G878,activator
G141,G1333,repressor
G141,G122,repressor
G141,G778,activator
G141,G1482,activator
G141,G1033,activator
G141,G217,activator
G141,G1491,activator
G141,G255,activator
G141,G1506,activator
G141,G1220,activator
G141,G679,activator
G141,G1631,activator
G141,G1325,activator
G141,G1490,activator
G141,G755,activator
G141,G1364,repressor
G141,G869,repressor
G141,G1154,repressor
G141,G697,repressor
G141,G447,repressor
G141,G540,repressor
G141,G3,activator
G141,G1252,activator
G141,G1288,activator
G141,G1363,repressor
G141,G1492,activator
G141,G1332,activator
G141,G1196,activator
G141,G504,activator
G141,G1010,repressor
G141,G664,repressor
G194,G887,activator
G194,G203,activator
G194,G1585,activator
G194,G1192,activator
G194,G950,activator
G194,G1642,repressor
G194,G746,activator
G194,G303,repressor
G194,G1537,activator
G194,G758,activator
G194,G1306,activator
G194,G720,activator
G194,G1169,repressor
G194,G1014,repressor
G194,G1342,repressor
G194,G1211,repressor
G194,G251,repressor
G194,G772,activator
G194,G1301,activator
G194,G1155,activator
G194,G846,activator
G194,G850,repressor
G194,G775,repressor
G194,G1230,repressor
G194,G1057,repressor
G194,G1283,activator
G194,G1229,activator
G194,G1064,activator
G194,G329,activator
G194,G1621,activator
G194,G991,repressor
G194,G799,repressor
G194,G1375,activator
G141,G1296,activator
G141,G1601,activator
G141,G1181,activator
G141,G563,activator
G141,G485,activator
G141,G530,repressor
G141,G926,repressor
G141,G1581,repressor
G141,G1076,activator
G141,G1194,repressor
G141,G101,activator
G141,G1352,activator
G141,G416,activator
G141,G1148,activator
G141,G1089,activator
G141,G903,activator
G141,G1298,activator
G141,G1112,activator
G141,G171,activator
G141,G115,repressor
G141,G119,repressor
G141,G291,activator
G141,G492,activator
G141,G977,activator
G141,G646,activator
G141,G1315,activator
G141,G1278,repressor
G141,G1600,repressor
G141,G334,activator
G141,G1107,activator
G141,G1195,activator
G141,G1043,activator
G141,G194,repressor
G141,G85,activator
G141,G79,activator
G141,G907,activator
G141,G747,activator
G141,G1555,activator
G141,G1470,activator
G141,G390,activator
G141,G1135,activator
G141,G317,activator
G141,G319,activator
G141,G910,activator
G141,G377,activator
G141,G1145,activator
G141,G964,activator
G141,G276,activator
G141,G914,repressor
G141,G305,repressor
G141,G873,repressor
G141,G1404,activator
G141,G988,repressor
G141,G1519,activator
G141,G293,activator
G141,G657,activator
G141,G1461,activator
G141,G1250,activator
G141,G766,repressor
G141,G934,activator
G141,G343,repressor
G141,G1203,repressor
G141,G1063,repressor
G141,G618,activator
G141,G1160,repressor
G141,G1633,activator
G141,G505,activator
G141,G1122,repressor
G141,G1004,repressor
G141,G1316,repressor
G141,G872,activator
G141,G1131,activator
G141,G732,activator
G141,G818,activator
G141,G573,activator
G141,G770,repressor
G141,G796,repressor
G141,G733,activator
G141,G376,activator
G141,G823,repressor
G141,G556,activator
G141,G1123,activator
G141,G779,activator
G141,G1458,activator
G141,G1641,activator
G141,G231,activator
G141,G1514,activator
G141,G1081,activator
G141,G1320,activator
G141,G1465,activator
G141,G620,activator
G141,G482,activator
G141,G1187,activator
G141,G1383,activator
G141,G878,activator
G141,G727,activator
G141,G244,activator
G141,G1189,activator
G141,G1586,activator
G141,G629,activator
G141,G793,repressor
G141,G970,activator
G141,G480,activator
G141,G1273,activator
G141,G310,activator
G141,G1370,activator
G141,G1327,repressor
G141,G510,activator
G141,G828,activator
G141,G1536,activator
G141,G475,activator
G141,G822,activator
G141,G278,activator
G141,G1405,repressor
G141,G901,repressor
G141,G989,repressor
G141,G712,repressor
G141,G960,repressor
G141,G1226,repressor
G141,G546,repressor
G141,G1550,repressor
G141,G887,activator
G141,G203,activator
G141,G1585,activator
G141,G1192,activator
G141,G950,activator
G141,G1642,repressor
G141,G746,activator
G141,G303,repressor
G141,G1537,activator
G141,G758,activator
G141,G1306,activator
G141,G720,activator
G141,G1169,repressor
G141,G1014,repressor
G141,G1342,repressor
G141,G1211,repressor
G141,G251,repressor
G141,G772,activator
G141,G1301,activator
G141,G1155,activator
G141,G846,activator
G141,G850,repressor
G141,G775,repressor
G141,G1230,repressor
G141,G1057,repressor
G141,G1283,activator
G141,G1229,activator
G141,G1064,activator
G141,G329,activator
G141,G1621,activator
G141,G991,repressor
G141,G799,repressor
G141,G1375,activator
G141,G1421,activator
G141,G851,activator
G141,G886,activator
G141,G394,activator
G141,G814,activator
G141,G1276,activator
G141,G430,activator
G141,G481,activator
G141,G72,activator
G141,G1310,repressor
G141,G388,repressor
G141,G723,repressor
G141,G1044,repressor
G141,G729,repressor
G141,G1602,repressor
G141,G1558,repressor
G141,G1233,repressor
G141,G592,repressor
G141,G363,repressor
G141,G348,repressor
G141,G283,repressor
G141,G613,repressor
G141,G91,repressor
G141,G1264,activator
G141,G1634,activator
G141,G1237,activator
G141,G1292,activator
G141,G325,activator
G141,G1476,activator
G141,G1392,activator
G141,G323,activator
G125,G683,activator
G144,G550,repressor
G144,G745,repressor
G144,G1192,activator
G144,G1235,repressor
G144,G280,repressor
G144,G490,repressor
G144,G1236,repressor
G144,G1428,repressor
G144,G896,repressor
G144,G570,repressor
G144,G1144,repressor
G144,G744,repressor
G144,G727,activator
G144,G244,activator
G144,G1189,activator
G144,G1586,activator
G144,G629,activator
G144,G1435,activator
G144,G942,repressor
G144,G551,repressor
G144,G429,repressor
G144,G889,repressor
G144,G1087,repressor
G144,G1418,repressor
G144,G250,repressor
G54,G943,repressor
G151,G830,activator
G151,G338,activator
G151,G1606,activator
G151,G761,activator
G146,G858,repressor
G146,G677,repressor
G146,G899,repressor
G134,G915,activator
G134,G15,activator
G134,G933,activator
G134,G1086,activator
G134,G153,repressor
G134,G401,activator
G134,G999,activator
G134,G1025,activator
G134,G1542,activator
G134,G426,activator
G134,G1353,activator
G48,G296,repressor
G48,G306,repressor
G48,G700,repressor
G48,G593,repressor
G48,G355,repressor
G48,G1488,repressor
G48,G711,repressor
G48,G955,repressor
G48,G835,repressor
G48,G585,repressor
G48,G981,repressor
G48,G398,repressor
G48,G1120,repressor
G48,G1361,repressor
G48,G719,repressor
G48,G442,repressor
G48,G847,repressor
G48,G1251,repressor
G48,G659,repressor
G48,G605,repressor
G48,G1319,repressor
G48,G1006,repressor
G48,G462,repressor
G48,G1317,repressor
G48,G1099,repressor
G48,G1016,repressor
G48,G537,repressor
G48,G1411,repressor
G48,G518,repressor
G48,G202,repressor
G48,G1529,repressor
G48,G600,repressor
G48,G1398,repressor
G48,G965,repressor
G48,G698,repressor
G48,G1576,repressor
G48,G253,repressor
G48,G840,repressor
G48,G1588,repressor
G48,G1535,repressor
G48,G888,repressor
G48,G1178,repressor
G48,G365,repressor
G48,G716,repressor
G48,G1241,repressor
G48,G1419,repressor
G48,G1103,repressor
G48,G1366,repressor
G48,G1184,repressor
G48,G1088,repressor
G48,G972,repressor
G48,G1391,repressor
G48,G1553,repressor
G48,G1557,repressor
G106,G1396,repressor
G106,G785,repressor
G70,G1416,activator
G70,G119,repressor
G70,G115,repressor
G187,G803,activator
G187,G298,repressor
G187,G1430,repressor
G187,G882,repressor
G187,G469,repressor
G187,G1442,repressor
G187,G483,repressor
G187,G1487,repressor
G187,G1339,repressor
G187,G1563,repressor
G187,G1484,repressor
G187,G796,repressor
G187,G1599,repressor
G187,G832,repressor
G187,G608,repressor
G187,G1551,repressor
G187,G759,repressor
G187,G1272,repressor
G187,G1208,repressor
G187,G213,repressor
G187,G1564,repressor
G187,G425,repressor
G187,G791,repressor
G187,G512,repressor
G187,G1371,repressor
G187,G1373,repressor
G187,G1408,repressor
G187,G1151,repressor
G187,G743,repressor
G187,G621,repressor
G187,G382,repressor
G187,G611,repressor
G187,G630,repressor
G187,G1132,repressor
G187,G399,repressor
G187,G631,activator
G187,G1226,repressor
G187,G644,repressor
G187,G1457,activator
G187,G1352,activator
G187,G1148,activator
G187,G1089,activator
G187,G1416,activator
G187,G903,activator
G187,G1298,activator
G187,G1112,activator
G187,G615,activator
G187,G1358,activator
G187,G1107,activator
G187,G1195,activator
G187,G914,repressor
G187,G305,repressor
G187,G873,repressor
G187,G404,activator
G187,G380,activator
G187,G1404,repressor
G187,G263,activator
G187,G734,repressor
G187,G1254,repressor
G187,G967,repressor
G187,G1036,repressor
G187,G737,repressor
G187,G922,repressor
G187,G216,repressor
G187,G58,activator
G187,G1063,repressor
G187,G1333,activator
G187,G1561,repressor
G187,G391,repressor
G187,G982,repressor
G187,G1029,repressor
G187,G1048,repressor
G187,G825,repressor
G187,G925,repressor
G187,G1566,repressor
G187,G686,activator
G187,G1323,activator
G187,G707,activator
G187,G1196,repressor
G187,G1324,activator
G187,G932,activator
G187,G1642,repressor
G187,G1206,repressor
G187,G1466,repressor
G187,G1618,repressor
G187,G362,repressor
G187,G670,activator
G187,G811,activator
G187,G1306,activator
G187,G55,activator
G187,G230,activator
G187,G762,repressor
G187,G481,activator
G187,G72,activator
G187,G1578,activator
G164,G715,repressor
G164,G1613,repressor
G164,G862,repressor
G164,G789,repressor
G164,G929,repressor
G164,G678,repressor
G164,G1035,repressor
G164,G1198,repressor
G17,G237,activator
G189,G1545,repressor
G189,G880,repressor
G58,G366,activator
G58,G1577,activator
G58,G1111,activator
G58,G714,activator
G58,G359,activator
G58,G256,activator
G58,G898,activator
G58,G467,activator
G58,G1423,activator
G58,G1165,activator
G165,G1265,activator
G165,G1171,activator
G165,G983,activator
G165,G514,activator
G165,G796,activator
G165,G1441,repressor
G165,G1534,repressor
G165,G842,activator
G165,G1297,activator
G165,G951,activator
G165,G179,activator
G165,G422,activator
G165,G1212,activator
G165,G1204,activator
G165,G1618,repressor
G165,G1466,repressor
G165,G1206,repressor
G165,G37,repressor
G165,G636,activator
G165,G975,activator
G165,G767,activator
G165,G248,activator
G165,G433,activator
G165,G992,repressor
G165,G25,activator
G165,G1364,activator
G165,G302,activator
G165,G264,activator
G165,G1019,activator
G165,G956,activator
G179,G165,repressor
G179,G951,repressor
G113,G1522,repressor
G113,G300,repressor
G83,G247,repressor
G83,G819,repressor
G83,G774,repressor
G83,G68,repressor
G83,G705,repressor
G83,G553,repressor
G83,G1214,repressor
G83,G633,repressor
G83,G1454,repressor
G83,G885,repressor
G83,G1627,repressor
G83,G976,repressor
G83,G1271,repressor
G83,G591,repressor
G83,G909,repressor
G68,G1269,activator
G68,G511,activator
G68,G909,activator
G68,G1127,activator
G68,G976,activator
G45,G1139,activator
G45,G1592,activator
G45,G1591,activator
G45,G730,activator
G45,G457,activator
G45,G740,activator
G107,G1623,repressor
G107,G559,repressor
G21,G476,repressor
G11,G1554,repressor
G11,G970,activator
G11,G1222,repressor
G11,G684,repressor
G11,G706,repressor
G11,G1533,repressor
G11,G530,repressor
G11,G926,repressor
G11,G1581,repressor
G11,G907,activator
G11,G747,activator
G11,G1555,activator
G11,G1470,activator
G11,G390,activator
G11,G1135,activator
G11,G317,activator
G11,G319,activator
G11,G176,activator
G11,G1227,activator
G11,G1561,repressor
G11,G391,repressor
G11,G982,repressor
G11,G1029,repressor
G11,G1048,repressor
G11,G315,activator
G11,G829,activator
G11,G699,activator
G11,G1629,activator
G11,G438,activator
G11,G1505,activator
G11,G1238,activator
G11,G997,activator
G11,G867,activator
G11,G952,activator
G11,G1055,activator
G11,G465,activator
G11,G1235,activator
G11,G280,activator
G11,G490,activator
G11,G1236,activator
G11,G1428,activator
G11,G896,activator
G11,G1144,activator
G11,G1009,activator
G11,G643,repressor
G11,G1023,repressor
G155,G351,repressor
G155,G842,repressor
G155,G1297,repressor
G155,G352,repressor
G173,G102,repressor
G102,G173,repressor
G5,G235,repressor
G5,G820,repressor
G93,G1143,repressor
G93,G1637,repressor
G35,G90,repressor
G35,G227,repressor
G35,G564,repressor
G35,G1107,repressor
G35,G1195,repressor
G35,G1566,repressor
G35,G816,repressor
G35,G502,activator
G35,G1607,activator
G35,G1324,activator
G35,G932,activator
G35,G1306,repressor
G35,G795,activator
G35,G615,activator
G149,G1338,repressor
G149,G776,repressor
G149,G1335,repressor
G149,G876,repressor
G88,G1225,repressor
G88,G509,repressor
G88,G1415,repressor
G88,G80,repressor
G88,G507,repressor
G88,G416,activator
G88,G639,activator
G88,G603,repressor
G88,G794,repressor
G88,G944,repressor
G88,G948,repressor
G88,G1351,repressor
G88,G1571,repressor
G88,G1182,repressor
G88,G1126,activator
G88,G848,repressor
G88,G1507,repressor
G88,G1108,repressor
G88,G434,repressor
G123,G516,repressor
G123,G724,repressor
G123,G1108,repressor
G123,G971,repressor
G123,G416,activator
G123,G1630,repressor
G123,G1547,repressor
G123,G509,repressor
G176,G464,repressor
G176,G503,repressor
G176,G895,repressor
G176,G1548,repressor
G176,G292,repressor
G176,G889,repressor
G176,G1087,repressor
G176,G1418,repressor
G176,G250,repressor
G176,G550,repressor
G176,G745,repressor
G176,G1519,activator
G176,G293,activator
G176,G657,activator
G176,G1461,activator
G176,G1250,activator
G176,G934,activator
G176,G343,activator
G176,G1203,activator
G176,G940,activator
G176,G778,repressor
G176,G1275,repressor
G176,G695,activator
G176,G782,activator
G176,G261,activator
G176,G1332,repressor
G176,G1010,repressor
G176,G664,repressor
G176,G331,activator
G176,G139,repressor
G176,G850,activator
G176,G775,activator
G176,G1230,repressor
G176,G1417,repressor
G176,G515,repressor
G176,G367,repressor
G176,G423,repressor
G176,G1059,repressor
G176,G1232,repressor
G176,G1215,repressor
G176,G1346,repressor
G176,G1362,repressor
G176,G1375,repressor
G176,G1421,activator
G176,G851,activator
G176,G886,repressor
G176,G394,activator
G176,G814,activator
G176,G1505,repressor
G176,G1238,repressor
G176,G997,repressor
G176,G867,repressor
G176,G952,repressor
G176,G1055,repressor
G176,G465,repressor
G176,G1235,repressor
G176,G280,repressor
G176,G490,repressor
G176,G1236,repressor
G176,G1428,repressor
G176,G896,repressor
G176,G1368,repressor
G176,G1469,repressor
G176,G1614,repressor
G176,G1390,repressor
G176,G736,repressor
G176,G1310,activator
G176,G388,activator
G176,G723,activator
G176,G1044,activator
G176,G729,activator
G176,G1602,activator
G176,G1558,activator
G176,G1233,activator
G176,G592,activator
G176,G363,activator
G176,G348,activator
G176,G1144,repressor
G176,G1009,repressor
G176,G1595,repressor
G176,G505,repressor
G176,G32,repressor
G176,G1104,activator
G176,G599,activator
G176,G1172,repressor
G176,G616,repressor
G176,G1330,repressor
G176,G1326,repressor
G176,G418,repressor
G176,G369,repressor
G176,G1626,repressor
G176,G473,repressor
G176,G372,repressor
G176,G1284,repressor
G176,G685,repressor
G176,G1248,activator
G176,G1510,activator
G176,G793,repressor
G176,G760,repressor
G176,G150,repressor
G176,G228,repressor
G176,G1078,activator
G176,G1516,repressor
G176,G1282,activator
G176,G644,repressor
G176,G1414,repressor
G176,G1402,activator
G176,G1117,activator
G176,G1601,activator
G176,G530,repressor
G176,G926,repressor
G176,G1581,repressor
G176,G1485,repressor
G160,G782,repressor
G160,G261,repressor
G160,G1230,activator
G160,G1375,activator
G160,G1421,activator
G160,G851,activator
G160,G886,activator
G160,G394,activator
G160,G814,activator
G160,G1505,activator
G160,G1238,repressor
G160,G997,activator
G160,G867,activator
G160,G952,activator
G160,G1055,repressor
G160,G465,repressor
G160,G1235,activator
G160,G280,repressor
G160,G490,activator
G160,G1236,activator
G160,G1428,repressor
G160,G896,activator
G160,G1144,activator
G160,G1009,activator
G160,G505,repressor
G160,G1104,activator
G160,G599,activator
G160,G369,repressor
G160,G1626,repressor
G160,G473,repressor
G160,G372,repressor
G160,G1284,repressor
G160,G685,repressor
G160,G1248,activator
G160,G1510,activator
G160,G793,repressor
G160,G1078,activator
G160,G1601,activator
G160,G1485,activator
G160,G889,repressor
G160,G1087,repressor
G160,G1418,repressor
G160,G250,repressor
G160,G550,repressor
G160,G745,repressor
G160,G934,activator
G160,G343,activator
G160,G1203,activator
G160,G695,repressor
G14,G1598,repressor
G188,G874,activator
G188,G1382,activator
G188,G1258,activator
G188,G938,activator
G188,G1489,activator
G188,G825,activator
G139,G1368,repressor
G139,G736,repressor
G139,G1614,repressor
G139,G1390,repressor
G139,G1469,repressor
G178,G793,activator
G178,G505,activator
G59,G1517,repressor
G59,G294,repressor
G59,G1381,repressor
G59,G713,repressor
G59,G1022,repressor
G59,G452,repressor
G59,G1157,repressor
G59,G370,repressor
G110,G1449,repressor
G110,G411,repressor
G110,G654,repressor
G110,G277,repressor
G110,G1473,repressor
G110,G1499,repressor
G110,G567,repressor
G110,G1083,repressor
G110,G1192,repressor
G110,G1495,repressor
G110,G197,repressor
G110,G1388,repressor
G110,G1280,repressor
G110,G1021,repressor
G110,G781,repressor
G110,G379,repressor
G110,G218,repressor
G110,G1329,repressor
G110,G969,repressor
G110,G1230,repressor
G110,G753,repressor
G110,G1242,repressor
G110,G1375,repressor
G110,G1421,repressor
G110,G851,repressor
G110,G886,repressor
G110,G394,repressor
G110,G814,repressor
G110,G178,repressor
G110,G918,repressor
G110,G108,repressor
G110,G959,repressor
G110,G229,repressor
G110,G1104,repressor
G110,G599,repressor
G110,G181,repressor
G110,G1532,repressor
G110,G727,repressor
G110,G244,repressor
G110,G1189,repressor
G110,G1586,repressor
G110,G629,repressor
G110,G566,repressor
G110,G1248,repressor
G110,G1510,repressor
G110,G1394,repressor
G110,G970,repressor
G110,G527,repressor
G110,G1078,repressor
G110,G1445,repressor
G110,G1158,repressor
G110,G337,repressor
G110,G506,repressor
G110,G332,repressor
G110,G101,repressor
G110,G141,repressor
G110,G511,repressor
G110,G907,repressor
G110,G747,repressor
G110,G1555,repressor
G110,G1470,repressor
G110,G390,repressor
G110,G1135,repressor
G110,G317,repressor
G110,G319,repressor
G110,G910,repressor
G110,G377,repressor
G110,G1145,repressor
G110,G964,repressor
G110,G276,repressor
G110,G1313,repressor
G110,G187,repressor
G110,G766,repressor
G110,G1074,repressor
G110,G1632,repressor
G110,G632,repressor
G110,G1624,repressor
G110,G877,repressor
G110,G869,repressor
G110,G1625,repressor
G110,G682,repressor
G110,G421,repressor
G110,G1193,repressor
G13,G242,activator
G13,G1327,activator
G13,G722,activator
G13,G977,repressor
G13,G1544,repressor
G13,G646,activator
G13,G1315,activator
G13,G1261,activator
G13,G1528,activator
G13,G805,activator
G13,G655,activator
G13,G1643,activator
G13,G1572,activator
G13,G1096,activator
G13,G750,activator
G13,G1267,activator
G13,G243,activator
G13,G584,activator
G13,G1374,activator
G13,G491,activator
G13,G371,activator
G13,G1350,activator
G13,G212,activator
G13,G645,activator
G13,G833,activator
G13,G410,activator
G13,G1289,activator
G13,G1590,activator
G13,G387,activator
G13,G870,activator
G13,G1464,activator
G13,G749,activator
G13,G405,activator
G13,G459,activator
G13,G1124,activator
G13,G1444,activator
G13,G1367,activator
G13,G1610,activator
G13,G1356,activator
G13,G674,activator
G13,G23,activator
G13,G35,activator
G13,G301,activator
G122,G109,activator
G122,G1113,activator
G122,G445,activator
G122,G1281,activator
G122,G1217,repressor
G122,G1582,activator
G122,G1191,activator
G122,G796,activator
G122,G758,repressor
G122,G1333,repressor
G122,G1063,activator
G122,G119,repressor
G122,G115,repressor
G122,G1640,repressor
G122,G162,repressor
G122,G316,activator
G12,G629,activator
G12,G1243,repressor
G12,G476,activator
G12,G806,repressor
G12,G837,activator
G12,G1586,activator
G12,G1189,activator
G12,G244,activator
G12,G727,activator
G12,G461,activator
G12,G1205,activator
G12,G717,activator
G12,G746,activator
G12,G633,activator
G12,G1214,activator
G12,G1192,activator
G12,G859,activator
G12,G681,activator
G12,G497,activator
G12,G78,activator
G12,G320,activator
G138,G1458,repressor
G138,G1641,repressor
G138,G231,repressor
G138,G1514,repressor
G138,G1081,repressor
G138,G878,repressor
G138,G1465,repressor
G138,G620,repressor
G138,G482,repressor
G138,G1187,repressor
G138,G1383,repressor
G138,G1320,repressor
G156,G337,repressor
G156,G312,repressor
G156,G1540,repressor
G156,G1559,repressor
G156,G1357,repressor
G156,G1322,repressor
G156,G949,repressor
G156,G594,activator
G156,G1285,activator
G156,G1527,activator
G156,G539,activator
G156,G588,activator
G156,G1524,repressor
G156,G1573,repressor
G156,G808,repressor
G156,G766,repressor
G156,G254,repressor
G156,G506,repressor
G94,G1550,repressor
G94,G1296,repressor
G44,G519,activator
G44,G857,activator
G44,G161,activator
G44,G1493,activator
G44,G208,activator
G44,G650,activator
G44,G393,activator
G44,G486,activator
G44,G314,activator
G44,G1015,activator
G44,G617,activator
G44,G1290,activator
G44,G384,activator
G44,G868,activator
G44,G368,activator
G44,G575,activator
G44,G328,activator
G44,G1512,activator
G44,G638,activator
G44,G1482,activator
G44,G1033,activator
G44,G1631,activator
G44,G1325,activator
G44,G1490,activator
G44,G1569,activator
G44,G1393,activator
G44,G1045,activator
G44,G954,activator
G44,G1480,repressor
G44,G597,activator
G44,G1193,activator
G44,G1005,activator
G44,G994,activator
G44,G821,activator
G44,G947,repressor
G44,G943,repressor
G100,G792,activator
G100,G673,activator
G100,G1594,activator
G100,G371,activator
G100,G1350,activator
G100,G212,activator
G100,G645,activator
G100,G833,activator
G100,G410,activator
G100,G1289,activator
G100,G116,activator
G100,G1102,activator
G100,G589,activator
G100,G1426,activator
G100,G475,repressor
G100,G221,repressor
G100,G1640,activator
G100,G1524,activator
G100,G1271,activator
G100,G774,activator
G100,G948,activator
G100,G517,repressor
G100,G984,activator
G100,G780,activator
G100,G302,activator
G100,G264,activator
G100,G1019,activator
G100,G956,activator
G100,G604,activator
G100,G1165,activator
G100,G1297,repressor
G100,G842,repressor
G100,G606,activator
G100,G6,repressor
G62,G494,activator
G62,G360,activator
G62,G817,activator
G62,G902,activator
G69,G1621,activator
G69,G679,activator
G69,G1491,activator
G69,G255,activator
G69,G1506,activator
G69,G1220,activator
G92,G1607,repressor
G92,G1141,repressor
G92,G811,repressor
G92,G230,repressor
G92,G1550,repressor
G92,G1296,repressor
G92,G436,repressor
G92,G1358,repressor
G92,G508,repressor
G92,G1269,repressor
G92,G406,repressor
G92,G554,repressor
G92,G356,repressor
G92,G992,repressor
G92,G1525,repressor
G92,G984,repressor
G92,G341,repressor
G92,G865,repressor
G92,G502,repressor
G92,G361,repressor
G92,G738,repressor
G92,G1287,repressor
G92,G1039,repressor
G92,G1121,repressor
G92,G528,repressor
G92,G358,repressor
G92,G220,repressor
G92,G1060,repressor
G92,G780,repressor
G92,G1596,repressor
G25,G1030,repressor
G77,G115,activator
G77,G1565,activator
G77,G119,activator
G117,G1372,repressor
G117,G1496,repressor
G117,G487,repressor
G117,G1207,repressor
G117,G578,repressor
G65,G201,repressor
G16,G888,activator
G16,G1241,activator
G16,G1440,activator
G16,G825,activator
G16,G758,activator
G16,G1283,activator
G16,G1229,activator
G16,G1064,activator
G16,G329,activator
G16,G1134,activator
G16,G1281,repressor
G16,G445,repressor
G16,G316,repressor
G16,G109,repressor
G16,G1012,activator
G16,G308,activator
G16,G853,activator
G16,G1609,activator
G170,G1380,activator
G16,G1380,activator
G170,G115,repressor
G170,G119,repressor
G170,G888,activator
G170,G1241,activator
G170,G1440,activator
G170,G825,activator
G170,G16,activator
G170,G758,activator
G170,G1283,activator
G170,G1229,activator
G170,G1064,activator
G170,G329,activator
G170,G1134,activator
G170,G1281,repressor
G170,G445,repressor
G170,G316,repressor
G170,G109,repressor
G170,G1012,activator
G170,G308,activator
G170,G853,activator
G170,G1609,activator
G170,G1378,activator
G16,G119,repressor
G16,G115,repressor
G16,G1378,activator
G145,G810,repressor
G175,G145,repressor
G175,G810,repressor
G145,G175,repressor
G27,G57,activator
G57,G731,activator
G57,G1424,activator
G57,G210,activator
G57,G27,activator
G57,G1321,activator
G37,G249,activator
G37,G975,activator
G37,G248,activator
G37,G1364,activator
G37,G302,activator
G37,G264,activator
G37,G1019,activator
G37,G956,activator
G37,G636,activator
G37,G543,activator
G37,G422,activator
G37,G165,activator
G37,G179,activator
G37,G951,activator
G37,G1297,activator
G37,G842,activator
G37,G796,activator
G37,G1309,activator
G116,G1333,repressor
G116,G1519,activator
G116,G293,activator
G116,G657,activator
G116,G857,activator
G116,G109,repressor
G116,G316,repressor
G116,G445,repressor
G116,G1281,repressor
G116,G1461,activator
G42,G822,activator
G42,G278,activator
G133,G14,repressor
G133,G986,repressor
G133,G1289,repressor
G133,G410,repressor
G133,G833,repressor
G133,G645,repressor
G133,G212,repressor
G133,G1350,repressor
G133,G371,repressor
G133,G129,repressor
G133,G99,repressor
G133,G893,repressor
G133,G1296,activator
G133,G1598,repressor
G133,G1550,activator
G28,G1183,activator
G28,G1241,repressor
G28,G365,activator
G28,G888,repressor
G143,G1494,repressor
G143,G748,repressor
G143,G1085,repressor
G143,G267,activator
G143,G326,activator
G143,G1268,activator
G34,G1188,activator
G74,G975,activator
G74,G52,activator
G52,G479,activator
G52,G691,activator
G52,G422,activator
G52,G1212,activator
G52,G1204,activator
G52,G165,activator
G52,G179,activator
G52,G951,activator
G52,G1297,activator
G52,G842,activator
G52,G463,activator
G52,G1463,activator
G52,G796,activator
G52,G364,activator
G52,G1171,activator
G52,G1265,activator
G52,G1062,activator
G52,G837,activator
G52,G636,activator
G52,G956,activator
G52,G1019,activator
G52,G264,activator
G52,G302,activator
G52,G1364,activator
G52,G998,activator
G52,G392,activator
G52,G433,activator
G52,G1115,activator
G52,G248,activator
G52,G767,activator
G52,G78,activator
G52,G1612,activator
G52,G975,activator
G55,G915,repressor
G55,G933,repressor
G55,G1086,repressor
G3,G1288,activator
G3,G1492,activator
G3,G510,activator
G3,G828,activator
G3,G1536,activator
G3,G1252,activator
G168,G1536,activator
G168,G3,activator
G168,G1252,activator
G168,G1288,activator
G168,G828,activator
G168,G510,activator
G168,G1492,activator
G50,G1385,activator
G50,G784,repressor
G50,G129,repressor
G50,G1595,activator
G50,G1362,activator
G50,G1346,activator
G50,G1618,activator
G50,G1466,activator
G50,G1206,activator
G50,G234,activator
G50,G1147,activator
G6,G496,repressor
G6,G1401,repressor
G71,G990,repressor
G71,G471,repressor
G71,G460,repressor
G71,G946,repressor
G71,G1274,repressor
G71,G1302,repressor
G71,G756,repressor
G71,G988,repressor
G71,G1420,repressor
G71,G936,repressor
G71,G1125,repressor
G1,G1302,repressor
G1,G1427,repressor
G1,G988,activator
G1,G1363,activator
G1,G291,activator
G1,G1130,repressor
G1,G919,repressor
G1,G936,repressor
G1,G1125,repressor
G1,G499,repressor
G1,G1162,repressor
G105,G1247,activator
G86,G239,repressor
G86,G855,repressor
G86,G836,repressor
G140,G960,repressor
G140,G712,repressor
G140,G989,repressor
G140,G901,repressor
G140,G1405,repressor
G140,G1004,repressor
G140,G1122,repressor
G195,G836,repressor
G195,G897,repressor
G195,G855,repressor
G195,G412,repressor
G195,G1007,repressor
G195,G239,repressor
G53,G1069,activator
G53,G704,activator
G152,G864,activator
G152,G1439,activator
G152,G577,activator
G152,G1190,activator
G152,G472,activator
G31,G1369,activator
G31,G824,activator
G31,G126,activator
G91,G1292,repressor
G91,G1237,repressor
G91,G1634,repressor
G91,G1264,repressor
G91,G325,repressor
G91,G618,repressor
G91,G323,repressor
G91,G1392,repressor
G91,G1476,repressor
G104,G18,repressor
G18,G104,repressor
G185,G435,activator
G193,G1140,activator
G193,G1608,activator
G163,G311,repressor
G163,G927,repressor
G163,G408,repressor
G163,G1090,repressor
G163,G304,repressor
G163,G1062,repressor
G98,G16,repressor
G86,G863,repressor
G128,G443,repressor
G21,G18,activator
G14,G350,activator
G21,G613,repressor
G68,G1361,activator
G176,G1080,activator
G162,G953,activator
G32,G730,repressor
G87,G903,repressor
G90,G1248,activator
G4,G1323,repressor
G86,G113,repressor
G195,G777,repressor
G194,G210,repressor
G187,G500,repressor
G100,G186,repressor
G149,G1491,activator
G74,G948,activator
G129,G455,activator
G70,G245,repressor
G161,G1036,repressor
G117,G1095,activator
G68,G849,activator
G80,G652,repressor
G45,G624,repressor
G178,G888,activator
G145,G356,repressor
G179,G225,repressor
G121,G1455,repressor
G91,G307,repressor
G156,G1121,repressor
G34,G1343,repressor
G32,G1336,activator
G63,G1276,activator
G13,G1181,activator
G139,G405,repressor
G138,G215,activator
G109,G211,activator
G93,G917,activator
G91,G1605,repressor
G49,G1471,activator
G75,G646,activator
G4,G688,activator
G58,G319,repressor
G72,G946,activator
G91,G554,activator
G189,G766,activator
G173,G592,repressor
G28,G1250,activator
G112,G164,activator
G150,G1197,repressor
G108,G1589,repressor
G122,G785,activator
G142,G443,activator
G23,G1221,activator
G192,G915,activator
G42,G842,activator
G39,G250,activator
G22,G1252,repressor
G100,G902,repressor
G133,G1111,repressor
G72,G358,repressor
G98,G763,activator
G34,G1158,repressor
G147,G1016,activator
G178,G1435,repressor
G94,G432,activator
G59,G230,repressor
G127,G1428,repressor
G125,G1125,activator
G116,G383,repressor
G68,G521,repressor
G177,G1236,activator
G145,G614,activator
G180,G778,repressor
G130,G271,activator
G38,G1264,activator
G86,G1283,repressor
G95,G235,repressor
G173,G1056,repressor
G21,G1447,repressor
G16,G1368,repressor
G12,G1226,repressor
G4,G320,repressor
G125,G806,activator
G11,G382,repressor
G106,G544,activator
G90,G1586,repressor
G131,G1242,activator
G115,G857,repressor
G63,G911,repressor
G53,G1275,activator
G144,G694,repressor
G8,G591,repressor
G58,G1316,repressor
G4,G250,activator
G98,G308,activator
G116,G1125,repressor
G130,G443,activator
G74,G898,repressor
G80,G156,activator
G36,G79,repressor
G140,G1394,activator
G105,G406,repressor
G24,G484,activator
G13,G432,activator
G129,G625,activator
G132,G964,activator
G15,G216,activator
G41,G169,repressor
G141,G1202,activator
G15,G1402,activator
G126,G1621,repressor
G110,G754,repressor
G91,G800,activator
G90,G1121,activator
G183,G522,repressor
G87,G1379,repressor
G182,G839,repressor
G179,G404,repressor
G150,G509,activator
G180,G1255,repressor
G45,G1407,activator
G20,G1171,activator
G51,G620,activator
G132,G1083,repressor
G161,G330,repressor
G28,G1432,repressor
G112,G270,activator
G120,G967,repressor
G57,G224,repressor
G194,G1138,activator
G34,G887,activator
G19,G615,activator
G53,G311,repressor
G42,G608,repressor
G102,G1189,repressor
G41,G1061,repressor
G173,G1239,activator
G3,G549,activator
G16,G526,repressor
G113,G1070,repressor
G54,G1470,repressor
G140,G676,activator
G130,G644,repressor
G146,G435,repressor
G90,G1289,activator
G71,G1530,activator
G159,G693,activator
G142,G1497,repressor
G191,G745,repressor
G118,G585,activator
G185,G465,repressor
G44,G748,activator
G15,G290,repressor
G22,G334,activator
G84,G34,activator
G32,G1309,activator
G71,G104,repressor
G1,G167,activator
G68,G1453,repressor
G14,G748,repressor
G5,G117,repressor
G28,G803,repressor
G121,G308,repressor
G22,G514,repressor
G88,G161,repressor
G137,G2,activator
G24,G215,activator
G185,G679,repressor
G169,G895,activator
G152,G1562,repressor
G182,G32,repressor
G41,G1066,repressor
G177,G1289,repressor
G25,G1182,repressor
G57,G1558,repressor
G144,G966,activator
G144,G724,repressor
G86,G898,activator
G31,G1168,activator
G6,G1043,activator
G36,G747,repressor
G83,G777,repressor
G38,G527,activator
G143,G1561,activator
G141,G866,repressor
G92,G423,activator
G87,G539,repressor
G42,G1115,activator
G188,G800,repressor
G13,G754,repressor
G91,G1134,activator
G65,G1306,repressor
G30,G1308,activator
G1,G849,activator
G10,G1085,repressor
G173,G284,activator
G132,G483,repressor
G2,G1353,repressor
G63,G1066,repressor
G21,G830,repressor
G138,G223,activator
G195,G36,activator
G122,G806,repressor
G37,G816,activator
G8,G180,activator
G123,G927,repressor
G113,G418,repressor
G152,G722,repressor
G41,G1350,repressor
G45,G1140,activator
G134,G85,repressor
G195,G235,activator
G195,G1520,activator
G59,G605,activator
G192,G1036,repressor
G177,G147,repressor
G14,G66,activator
G146,G476,repressor
G72,G248,activator
G110,G455,activator
G163,G734,activator
G155,G1064,activator
G64,G118,activator
G188,G765,activator
G140,G1533,activator
G83,G1455,repressor
G34,G241,activator
G36,G320,activator
G87,G420,activator
G107,G1511,activator
G134,G514,activator
G2,G1415,repressor
G138,G1122,repressor
G22,G253,repressor
G110,G1156,repressor
G121,G10,repressor
G42,G319,repressor
G183,G707,repressor
G173,G1292,activator
G3,G1491,activator
G92,G1430,repressor
G121,G581,repressor
G19,G1113,activator
G81,G170,repressor
G6,G1232,activator
G49,G119,repressor
G75,G1524,repressor
G30,G1123,repressor
G185,G1538,repressor
G79,G94,activator
G91,G864,repressor
G96,G110,activator
G176,G702,repressor
G155,G435,activator
G87,G1360,activator
G88,G269,repressor
G25,G1454,repressor
G69,G893,activator
G97,G1064,repressor
G91,G143,activator
G11,G517,repressor
G14,G295,activator
G7,G1208,repressor
G20,G845,activator
G76,G441,activator
G194,G404,activator
G13,G931,repressor
G104,G1442,activator
G59,G444,activator
G33,G1249,activator
G21,G1607,repressor
G14,G489,repressor
G100,G1285,activator
G110,G1351,repressor
G142,G73,repressor
G84,G42,repressor
G87,G1184,repressor
G86,G1129,repressor
G92,G431,activator
G99,G507,repressor
G33,G17,repressor
G131,G851,activator
G111,G818,repressor
G88,G744,repressor
G193,G1208,activator
G119,G1426,activator
G158,G491,activator
G1,G201,repressor
G133,G433,repressor
G120,G1140,repressor
G140,G859,repressor
G186,G821,activator
G83,G219,repressor
G141,G1239,repressor
G31,G455,activator
G112,G439,activator
G110,G1513,activator
G59,G118,repressor
G53,G560,activator
G42,G188,repressor
G68,G845,activator
G107,G630,repressor
G74,G621,repressor
G34,G875,repressor
G152,G919,repressor
G142,G729,repressor
G58,G439,activator
G24,G1597,activator
G191,G952,repressor
G23,G1107,repressor
G104,G1078,repressor
G17,G456,repressor
G2,G27,activator
G52,G577,repressor
G90,G1315,repressor
G129,G1203,activator
G149,G197,activator
G143,G35,activator
G164,G315,repressor
G127,G1219,repressor
G133,G691,repressor
G105,G511,repressor
G108,G1604,repressor
G74,G530,repressor
G65,G901,repressor
G7,G327,activator
G118,G792,activator
G71,G45,activator
G59,G799,activator
G129,G290,repressor
G71,G208,repressor
G109,G608,activator
G16,G687,activator
G188,G1448,repressor
G1,G989,repressor
G79,G957,activator
G13,G1518,activator
G107,G512,repressor
G109,G946,activator
G160,G1491,activator
G68,G398,activator
G161,G482,activator
G105,G393,repressor
G119,G201,activator
G63,G403,activator
G125,G621,activator
G68,G471,repressor
G68,G254,activator
G195,G467,repressor
G72,G1274,activator
G163,G942,repressor
G82,G1412,repressor
G156,G1274,activator
G66,G1250,repressor
G79,G1199,repressor
G135,G1499,activator
G39,G1571,repressor
G63,G352,repressor
G43,G711,repressor
G85,G814,activator
