fis,adhE,1,activator
fis,osmE,1,repressor
fis,ansB,1,repressor
fis,apaG,1,activator
fis,apaH,1,activator
fis,bglB,1,repressor
fis,bglF,1,repressor
fis,bglG,1,repressor
fis,carA,1,activator
fis,carB,1,activator
fis,crp,1,repressor
fis,cspA,1,activator
fis,cyoA,1,activator
fis,cyoB,1,activator
fis,cyoC,1,activator
fis,cyoD,1,activator
fis,cyoE,1,activator
fis,cysG,1,repressor
fis,deoA,1,activator
fis,deoB,1,activator
fis,deoC,1,activator
fis,deoD,1,activator
fis,dmsA,1,repressor
fis,dmsB,1,repressor
fis,dmsC,1,repressor
fis,dnaA,1,repressor
fis,dnaN,1,repressor
fis,fadA,1,activator
fis,fadB,1,activator
fis,fis,1,repressor
fis,fumB,1,repressor
fis,glnA,1,activator
fis,glnG,1,activator
fis,glnL,1,activator
fis,glnQ,1,repressor
fis,glpA,1,activator
fis,glpB,1,activator
fis,glpC,1,activator
fis,glpQ,1,activator
fis,glpT,1,activator
fis,gltX,1,repressor
fis,guaA,1,repressor
fis,guaB,1,repressor
fis,gyrA,1,repressor
fis,gyrB,1,repressor
fis,hns,1,activator
fis,hupA,1,activator
fis,hupB,1,repressor
fis,hyaA,1,repressor
fis,hyaB,1,repressor
fis,hyaC,1,repressor
fis,hyaD,1,repressor
fis,hyaE,1,repressor
fis,hyaF,1,repressor
fis,infB,1,activator
fis,katE,1,repressor
fis,lpd,1,activator
fis,malE,1,activator
fis,malF,1,activator
fis,malG,1,activator
fis,mazG,1,activator
fis,mglA,1,repressor
fis,mglC,1,repressor
fis,mtlA,1,repressor
fis,mtlD,1,repressor
fis,nanA,1,repressor
fis,narG,1,repressor
fis,narH,1,repressor
fis,narI,1,repressor
fis,narJ,1,repressor
fis,narK,1,repressor
fis,ndh,1,activator
fis,ndh,1,repressor
fis,nirB,1,repressor
fis,nirC,1,repressor
fis,nirD,1,repressor
fis,nrdA,1,activator
fis,nrdB,1,activator
fis,nusA,1,activator
fis,ogt,1,repressor
fis,pdxA,1,activator
fis,pflB,1,repressor
fis,pnp,1,activator
fis,ptsG,1,activator
fis,ptsG,1,repressor
fis,pyrD,1,repressor
fis,queA,1,activator
fis,recF,1,repressor
fis,rplM,1,repressor
fis,rpsI,1,repressor
fis,rpsO,1,activator
fis,topA,1,activator
fis,topA,1,repressor
fis,tpr,1,activator
fis,trg,1,activator
fis,trmA,1,activator
fis,tufB,1,activator
fis,truB,1,activator
fis,rbfA,1,activator
fis,dusB,1,repressor
fis,osmY,1,repressor
fis,dps,1,repressor
fis,msrA,1,repressor
fis,marA,1,activator
fis,marR,1,activator
fis,acs,1,repressor
fis,gadB,1,repressor
fis,sra,1,activator
fis,marB,1,activator
fis,proP,1,activator
fis,emrD,1,activator
fis,nuoM,1,activator
fis,nuoF,1,activator
fis,nrfA,1,repressor
fis,actP,1,repressor
fis,yjcH,1,repressor
fis,nrfB,1,repressor
fis,nrfC,1,repressor
fis,nrfD,1,repressor
fis,nrfE,1,repressor
fis,nrfF,1,repressor
fis,nrfG,1,repressor
fis,mtlR,1,repressor
fis,nuoA,1,activator
fis,nuoB,1,activator
fis,nuoC,1,activator
fis,nuoE,1,activator
fis,nuoG,1,activator
fis,nuoH,1,activator
fis,nuoI,1,activator
fis,nuoJ,1,activator
fis,nuoK,1,activator
fis,nuoL,1,activator
fis,nuoN,1,activator
fis,cbpA,1,repressor
fis,cbpM,1,repressor
fis,gadX,1,repressor
fis,xylG,1,repressor
fis,xylH,1,repressor
fis,aldB,1,repressor
fis,acnB,1,repressor
fis,yfaE,1,activator
fis,xylF,1,repressor
fis,xylR,1,repressor
fis,alaT,1,activator
fis,alaU,1,activator
fis,alaV,1,activator
fis,alaW,1,activator
fis,alaX,1,activator
fis,argU,1,activator
fis,argW,1,activator
fis,argX,1,activator
fis,aspV,1,activator
fis,glnU,1,activator
fis,glnV,1,activator
fis,glnW,1,activator
fis,glnX,1,activator
fis,gltT,1,activator
fis,gltU,1,activator
fis,gltV,1,activator
fis,gltW,1,activator
fis,glyT,1,activator
fis,glyU,1,activator
fis,hisR,1,activator
fis,ileT,1,activator
fis,ileU,1,activator
fis,ileV,1,activator
fis,leuP,1,activator
fis,leuQ,1,activator
fis,leuT,1,activator
fis,leuV,1,activator
fis,leuW,1,activator
fis,leuX,1,activator
fis,lysT,1,activator
fis,lysV,1,activator
fis,lysW,1,activator
fis,metT,1,activator
fis,metU,1,activator
fis,metY,1,activator
fis,pheU,1,activator
fis,pheV,1,activator
fis,proK,1,activator
fis,proL,1,activator
fis,proM,1,activator
fis,rnpB,1,activator
fis,rnpB,1,repressor
fis,rrfA,1,activator
fis,rrfB,1,activator
fis,rrfC,1,activator
fis,rrfD,1,activator
fis,rrfE,1,activator
fis,rrfG,1,activator
fis,rrfH,1,activator
fis,rrlA,1,activator
fis,rrlB,1,activator
fis,rrlC,1,activator
fis,rrlD,1,activator
fis,rrlE,1,activator
fis,rrlG,1,activator
fis,rrlH,1,activator
fis,rrsA,1,activator
fis,rrsB,1,activator
fis,rrsC,1,activator
fis,rrsD,1,activator
fis,rrsE,1,activator
fis,rrsG,1,activator
fis,rrsH,1,activator
fis,rrfF,1,activator
fis,serT,1,activator
fis,serX,1,activator
fis,ssrS,1,activator
fis,ssrS,1,repressor
fis,thrT,1,activator
fis,thrU,1,activator
fis,thrV,1,activator
fis,thrW,1,activator
fis,tyrT,1,activator
fis,tyrU,1,activator
fis,tyrV,1,activator
fis,valT,1,activator
fis,valU,1,activator
fis,valX,1,activator
fis,valY,1,activator
fis,gadA,1,repressor
fis,nanT,1,repressor
fis,hlyE,1,repressor
fis,gadC,1,repressor
fis,cspI,1,repressor
fis,flxA,1,activator
fis,yoaG,1,repressor
fis,yeaR,1,repressor
fis,glcC,1,repressor
fis,nanK,1,repressor
fis,nanE,1,repressor
rob,aldA,1,activator
rob,aslB,1,activator
rob,dapD,1,activator
rob,fadA,1,repressor
rob,fadB,1,repressor
rob,fadL,1,repressor
rob,fumC,1,activator
rob,map,1,activator
rob,narG,1,activator
rob,nfo,1,activator
rob,rimK,1,activator
rob,sodA,1,activator
rob,tolC,1,activator
rob,ygiB,1,activator
rob,ygiC,1,activator
rob,zwf,1,activator
rob,nfsA,1,activator
rob,acnA,1,activator
rob,rob,1,repressor
rob,glgS,1,activator
rob,glnD,1,activator
rob,inaA,1,activator
rob,marA,1,activator
rob,marR,1,activator
rob,acs,1,repressor
rob,fadD,1,repressor
rob,marB,1,activator
rob,acrA,1,activator
rob,acrB,1,activator
rob,actP,1,repressor
rob,yjcH,1,repressor
rob,mdtD,1,activator
rob,yacH,1,activator
rob,chaC,1,activator
rob,yiaG,1,repressor
rob,mdaB,1,activator
rob,ybjC,1,activator
rob,micF,1,activator
rob,ybiT,1,activator
rob,ybjN,1,activator
rob,ydcL,1,activator
rob,astC,1,repressor
rob,elaB,1,repressor
rob,yhbO,1,repressor
rob,yhbW,1,activator
tyrR,aroF,1,repressor
tyrR,aroG,1,repressor
tyrR,aroL,1,repressor
tyrR,aroM,1,repressor
tyrR,aroP,1,repressor
tyrR,folA,1,activator
tyrR,mtr,1,activator
tyrR,tyrA,1,repressor
tyrR,tyrB,1,repressor
tyrR,tyrP,1,activator
tyrR,tyrP,1,repressor
tyrR,tyrR,1,repressor
tyrR,yaiA,1,repressor
argP,asd,1,activator
argP,dapB,1,activator
argP,dapD,1,activator
argP,dnaA,1,activator
argP,dnaN,1,activator
argP,gdhA,1,activator
argP,argP,1,repressor
argP,lysA,1,activator
argP,lysC,1,activator
argP,nrdA,1,activator
argP,nrdB,1,activator
argP,recF,1,activator
argP,argO,1,activator
argP,lysP,1,activator
argP,yfaE,1,activator
cpxR,acrD,1,activator
cpxR,cpxR,1,activator
cpxR,aroG,1,activator
cpxR,cheA,1,repressor
cpxR,cheW,1,repressor
cpxR,cpxA,1,activator
cpxR,lpxD,1,activator
cpxR,hha,1,activator
cpxR,degP,1,activator
cpxR,lpxA,1,activator
cpxR,motA,1,repressor
cpxR,motB,1,repressor
cpxR,ompC,1,activator
cpxR,ompF,1,repressor
cpxR,ppiA,1,activator
cpxR,psd,1,repressor
cpxR,rpoH,1,activator
cpxR,sbmA,1,activator
cpxR,slt,1,activator
cpxR,tsr,1,repressor
cpxR,ung,1,repressor
cpxR,dsbC,1,activator
cpxR,yccA,1,activator
cpxR,fabZ,1,activator
cpxR,dsbA,1,activator
cpxR,marA,1,activator
cpxR,marR,1,activator
cpxR,csgA,1,repressor
cpxR,marB,1,activator
cpxR,baeS,1,activator
cpxR,baeR,1,activator
cpxR,bacA,1,activator
cpxR,yidQ,1,activator
cpxR,yebE,1,activator
cpxR,rpoE,1,repressor
cpxR,mdtD,1,activator
cpxR,rseA,1,repressor
cpxR,rprA,1,activator
cpxR,yaiW,1,activator
cpxR,ppiD,1,activator
cpxR,csgG,1,repressor
cpxR,csgF,1,repressor
cpxR,csgE,1,repressor
cpxR,csgD,1,repressor
cpxR,csgB,1,repressor
cpxR,csgC,1,repressor
cpxR,spy,1,activator
cpxR,mdtA,1,activator
cpxR,mdtB,1,activator
cpxR,mdtC,1,activator
cpxR,rseC,1,repressor
cpxR,rseB,1,repressor
cpxR,yqaE,1,activator
cpxR,yqjA,1,activator
cpxR,cpxP,1,activator
cpxR,yjfN,1,activator
modE,modB,1,repressor
modE,modC,1,repressor
modE,deoA,1,repressor
modE,deoB,1,repressor
modE,deoC,1,repressor
modE,deoD,1,repressor
modE,dmsA,1,repressor
modE,dmsB,1,repressor
modE,dmsC,1,repressor
modE,hycA,1,activator
modE,hycB,1,activator
modE,hycC,1,activator
modE,hycD,1,activator
modE,hycE,1,activator
modE,hycF,1,activator
modE,hycG,1,activator
modE,hycH,1,activator
modE,narL,1,activator
modE,narX,1,activator
modE,oppA,1,repressor
modE,oppB,1,repressor
modE,oppC,1,repressor
modE,oppD,1,repressor
modE,oppF,1,repressor
modE,moaA,1,activator
modE,moaB,1,activator
modE,moaD,1,activator
modE,moaE,1,activator
modE,moaC,1,activator
modE,ccmH,1,activator
modE,ccmG,1,activator
modE,ccmF,1,activator
modE,ccmE,1,activator
modE,ccmC,1,activator
modE,ccmB,1,activator
modE,ccmA,1,activator
modE,napC,1,activator
modE,napB,1,activator
modE,napH,1,activator
modE,napG,1,activator
modE,napA,1,activator
modE,napF,1,activator
modE,napD,1,activator
modE,ccmD,1,activator
modE,modA,1,repressor
modE,hycI,1,activator
fnr,dcuB,1,activator
fnr,cydC,1,activator
fnr,garL,1,activator
fnr,aceE,1,activator
fnr,aceE,1,repressor
fnr,aceF,1,activator
fnr,aceF,1,repressor
fnr,ackA,1,activator
fnr,adhE,1,activator
fnr,aldA,1,repressor
fnr,ansB,1,activator
fnr,arcA,1,activator
fnr,arcA,1,repressor
fnr,aroP,1,activator
fnr,aspA,1,activator
fnr,aspC,1,activator
fnr,aspC,1,repressor
fnr,cadC,1,activator
fnr,cheB,1,activator
fnr,cheR,1,activator
fnr,cheY,1,activator
fnr,cheZ,1,activator
fnr,moeA,1,repressor
fnr,moeB,1,repressor
fnr,cydA,1,activator
fnr,cydA,1,repressor
fnr,cydB,1,activator
fnr,cydB,1,repressor
fnr,cyoA,1,repressor
fnr,cyoB,1,repressor
fnr,cyoC,1,repressor
fnr,cyoD,1,repressor
fnr,cyoE,1,repressor
fnr,cysG,1,activator
fnr,dmsA,1,activator
fnr,dmsB,1,activator
fnr,dmsC,1,activator
fnr,dppA,1,repressor
fnr,entF,1,activator
fnr,acrE,1,activator
fnr,acrF,1,activator
fnr,fdhF,1,activator
fnr,fepE,1,activator
fnr,fes,1,activator
fnr,fhlA,1,activator
fnr,fnr,1,activator
fnr,fnr,1,repressor
fnr,frdA,1,activator
fnr,frdB,1,activator
fnr,frdC,1,activator
fnr,frdD,1,activator
fnr,fumA,1,repressor
fnr,fumB,1,activator
fnr,fumC,1,repressor
fnr,gcvH,1,activator
fnr,gdhA,1,activator
fnr,glpA,1,activator
fnr,glpB,1,activator
fnr,glpC,1,activator
fnr,glpQ,1,activator
fnr,glpT,1,activator
fnr,gltB,1,repressor
fnr,gltD,1,repressor
fnr,gnd,1,repressor
fnr,hemA,1,repressor
fnr,hmp,1,repressor
fnr,hypB,1,activator
fnr,hypC,1,activator
fnr,hypD,1,activator
fnr,hypE,1,activator
fnr,katG,1,activator
fnr,lpd,1,activator
fnr,lpd,1,repressor
fnr,malP,1,activator
fnr,malQ,1,activator
fnr,narG,1,activator
fnr,narH,1,activator
fnr,narI,1,activator
fnr,narJ,1,activator
fnr,narK,1,activator
fnr,narL,1,repressor
fnr,narX,1,repressor
fnr,ndh,1,repressor
fnr,nirB,1,activator
fnr,nirC,1,activator
fnr,nirD,1,activator
fnr,pflB,1,activator
fnr,pstS,1,activator
fnr,phoU,1,activator
fnr,poxB,1,activator
fnr,prfA,1,repressor
fnr,pstA,1,activator
fnr,pstB,1,activator
fnr,pstC,1,activator
fnr,purM,1,repressor
fnr,purN,1,repressor
fnr,pykA,1,activator
fnr,rplB,1,activator
fnr,rplC,1,activator
fnr,rplD,1,activator
fnr,rplM,1,repressor
fnr,rplP,1,activator
fnr,rplS,1,repressor
fnr,rplT,1,repressor
fnr,rplV,1,activator
fnr,rplW,1,activator
fnr,rpmC,1,activator
fnr,rpsC,1,activator
fnr,rpsI,1,repressor
fnr,rpsJ,1,activator
fnr,rpsP,1,repressor
fnr,rpsQ,1,activator
fnr,rpsS,1,activator
fnr,sdhA,1,repressor
fnr,sdhB,1,repressor
fnr,sdhC,1,repressor
fnr,sdhD,1,repressor
fnr,sodA,1,repressor
fnr,soxR,1,repressor
fnr,soxS,1,repressor
fnr,sucA,1,repressor
fnr,sucB,1,repressor
fnr,sucC,1,repressor
fnr,sucD,1,repressor
fnr,tap,1,activator
fnr,tar,1,activator
fnr,tdcA,1,activator
fnr,tdcB,1,activator
fnr,tdcC,1,activator
fnr,thrA,1,activator
fnr,trmD,1,repressor
fnr,ung,1,activator
fnr,pdhR,1,activator
fnr,pdhR,1,repressor
fnr,ompW,1,activator
fnr,ompW,1,repressor
fnr,hyfA,1,repressor
fnr,rimM,1,repressor
fnr,tdcD,1,activator
fnr,garK,1,activator
fnr,garR,1,activator
fnr,zwf,1,repressor
fnr,dcuA,1,activator
fnr,fdnG,1,activator
fnr,fdnG,1,repressor
fnr,fdnH,1,activator
fnr,fdnH,1,repressor
fnr,fdnI,1,activator
fnr,fdnI,1,repressor
fnr,ycaC,1,repressor
fnr,focA,1,activator
fnr,pheM,1,repressor
fnr,hyfB,1,repressor
fnr,ygbA,1,repressor
fnr,acnA,1,repressor
fnr,upp,1,activator
fnr,ubiC,1,repressor
fnr,ubiA,1,repressor
fnr,cydD,1,activator
fnr,glnD,1,activator
fnr,glnD,1,repressor
fnr,nrdD,1,activator
fnr,gcvT,1,activator
fnr,argK,1,activator
fnr,gltF,1,repressor
fnr,nikR,1,activator
fnr,pepT,1,activator
fnr,caiD,1,activator
fnr,caiC,1,activator
fnr,caiB,1,activator
fnr,caiA,1,activator
fnr,caiT,1,activator
fnr,fixA,1,activator
fnr,fixB,1,activator
fnr,fixC,1,activator
fnr,fixX,1,activator
fnr,moaA,1,activator
fnr,moaB,1,activator
fnr,moaD,1,activator
fnr,moaE,1,activator
fnr,ydeJ,1,activator
fnr,moaC,1,activator
fnr,nuoM,1,repressor
fnr,nuoF,1,repressor
fnr,nrfA,1,activator
fnr,gcvP,1,activator
fnr,amtB,1,activator
fnr,amtB,1,repressor
fnr,nrfB,1,activator
fnr,nrfC,1,activator
fnr,nrfD,1,activator
fnr,nrfE,1,activator
fnr,nrfF,1,activator
fnr,nrfG,1,activator
fnr,yeiL,1,repressor
fnr,ccmH,1,activator
fnr,ccmG,1,activator
fnr,ccmF,1,activator
fnr,ccmE,1,activator
fnr,ccmC,1,activator
fnr,ccmB,1,activator
fnr,ccmA,1,activator
fnr,napC,1,activator
fnr,napB,1,activator
fnr,napH,1,activator
fnr,napG,1,activator
fnr,napA,1,activator
fnr,napF,1,activator
fnr,nikA,1,activator
fnr,nikB,1,activator
fnr,nikC,1,activator
fnr,nikD,1,activator
fnr,nikE,1,activator
fnr,nuoA,1,repressor
fnr,nuoB,1,repressor
fnr,nuoC,1,repressor
fnr,nuoE,1,repressor
fnr,nuoG,1,repressor
fnr,nuoH,1,repressor
fnr,nuoI,1,repressor
fnr,nuoJ,1,repressor
fnr,nuoK,1,repressor
fnr,nuoL,1,repressor
fnr,nuoN,1,repressor
fnr,feoA,1,activator
fnr,feoB,1,activator
fnr,ompX,1,repressor
fnr,uraA,1,activator
fnr,napD,1,activator
fnr,ccmD,1,activator
fnr,glnK,1,activator
fnr,glnK,1,repressor
fnr,pitA,1,activator
fnr,gadW,1,repressor
fnr,gadX,1,repressor
fnr,bcsZ,1,activator
fnr,bcsB,1,activator
fnr,yibN,1,activator
fnr,ssuB,1,activator
fnr,prmC,1,repressor
fnr,norW,1,repressor
fnr,garD,1,activator
fnr,caiE,1,activator
fnr,dppB,1,repressor
fnr,dppC,1,repressor
fnr,dppD,1,repressor
fnr,dppF,1,repressor
fnr,uxaA,1,activator
fnr,garP,1,activator
fnr,emrY,1,activator
fnr,metV,1,activator
fnr,rnpB,1,activator
fnr,gadA,1,repressor
fnr,caiF,1,activator
fnr,ybdN,1,activator
fnr,citG,1,repressor
fnr,citX,1,repressor
fnr,citF,1,repressor
fnr,citE,1,repressor
fnr,citD,1,repressor
fnr,citC,1,repressor
fnr,dcuC,1,activator
fnr,hcr,1,activator
fnr,hcp,1,activator
fnr,ssuC,1,activator
fnr,ssuD,1,activator
fnr,ssuA,1,activator
fnr,ssuE,1,activator
fnr,hlyE,1,activator
fnr,puuP,1,repressor
fnr,puuA,1,repressor
fnr,tpx,1,repressor
fnr,ydfZ,1,activator
fnr,ydfO,1,activator
fnr,ynfE,1,activator
fnr,ynfF,1,activator
fnr,ynfG,1,activator
fnr,ynfH,1,activator
fnr,dmsD,1,activator
fnr,ydhT,1,activator
fnr,ydhU,1,activator
fnr,ydhX,1,activator
fnr,ydhW,1,activator
fnr,ydhV,1,activator
fnr,ydhY,1,activator
fnr,yecR,1,activator
fnr,nac,1,repressor
fnr,yfcZ,1,activator
fnr,emrK,1,activator
fnr,yffS,1,activator
fnr,hyfC,1,repressor
fnr,hyfD,1,repressor
fnr,hyfE,1,repressor
fnr,hyfF,1,repressor
fnr,hyfG,1,repressor
fnr,hyfH,1,repressor
fnr,hyfI,1,repressor
fnr,hyfJ,1,repressor
fnr,hyfR,1,repressor
fnr,focB,1,repressor
fnr,norV,1,repressor
fnr,mltA,1,activator
fnr,xdhA,1,activator
fnr,xdhB,1,activator
fnr,xdhC,1,activator
fnr,aer,1,activator
fnr,tdcG,1,activator
fnr,tdcF,1,activator
fnr,tdcE,1,activator
fnr,ysgA,1,repressor
fnr,dcuR,1,activator
fnr,dcuS,1,activator
fnr,ytfE,1,repressor
fnr,uxaC,1,activator
fnr,nrdG,1,activator
fnr,ybdZ,1,activator
crp,modB,1,activator
crp,dcuB,1,activator
crp,zraS,1,activator
crp,aceA,1,repressor
crp,aceB,1,repressor
crp,aceE,1,activator
crp,aceF,1,activator
crp,aceK,1,repressor
crp,agp,1,activator
crp,aldA,1,activator
crp,puuC,1,repressor
crp,ampD,1,repressor
crp,ampE,1,repressor
crp,ansB,1,activator
crp,araA,1,activator
crp,araB,1,activator
crp,araC,1,activator
crp,araD,1,activator
crp,araE,1,activator
crp,araF,1,activator
crp,araG,1,activator
crp,araH,1,activator
crp,araJ,1,activator
crp,araJ,1,repressor
crp,argG,1,activator
crp,aroA,1,repressor
crp,ascB,1,activator
crp,ascF,1,activator
crp,aspA,1,activator
crp,bglB,1,activator
crp,bglF,1,activator
crp,bglG,1,activator
crp,cdd,1,activator
crp,cdd,1,repressor
crp,chbB,1,activator
crp,chbC,1,activator
crp,chbA,1,activator
crp,chbR,1,activator
crp,chbF,1,activator
crp,modC,1,activator
crp,cirA,1,activator
crp,cpdB,1,activator
crp,crp,1,activator
crp,crp,1,repressor
crp,crr,1,activator
crp,crr,1,repressor
crp,cstA,1,activator
crp,cyaA,1,repressor
crp,cyoA,1,activator
crp,cyoB,1,activator
crp,cyoC,1,activator
crp,cyoD,1,activator
crp,cyoE,1,activator
crp,cysG,1,repressor
crp,cytR,1,activator
crp,cytR,1,repressor
crp,deoA,1,activator
crp,deoA,1,repressor
crp,deoB,1,activator
crp,deoB,1,repressor
crp,deoC,1,activator
crp,deoC,1,repressor
crp,deoD,1,activator
crp,deoD,1,repressor
crp,dksA,1,activator
crp,dsdA,1,activator
crp,dsdX,1,activator
crp,ebgA,1,activator
crp,ebgC,1,activator
crp,entA,1,activator
crp,entB,1,activator
crp,entC,1,activator
crp,entD,1,activator
crp,entE,1,activator
crp,envZ,1,activator
crp,envZ,1,repressor
crp,fadL,1,activator
crp,fbaA,1,activator
crp,fecA,1,activator
crp,fecB,1,activator
crp,fecC,1,activator
crp,fecD,1,activator
crp,fecE,1,activator
crp,fepA,1,activator
crp,fis,1,activator
crp,fis,1,repressor
crp,flhC,1,activator
crp,flhD,1,activator
crp,fucA,1,activator
crp,fucI,1,activator
crp,fucK,1,activator
crp,fucO,1,activator
crp,fucP,1,activator
crp,fucR,1,activator
crp,fucU,1,activator
crp,fumA,1,activator
crp,fumB,1,activator
crp,fumC,1,activator
crp,fumC,1,unknown
crp,fur,1,activator
crp,gabT,1,activator
crp,galE,1,activator
crp,galE,1,repressor
crp,galK,1,activator
crp,galK,1,repressor
crp,galS,1,activator
crp,galT,1,activator
crp,galT,1,repressor
crp,gapA,1,activator
crp,epd,1,activator
crp,gcd,1,repressor
crp,gcvH,1,activator
crp,gdhA,1,repressor
crp,glgA,1,activator
crp,glgC,1,activator
crp,glgP,1,activator
crp,glnA,1,activator
crp,glnA,1,repressor
crp,glnG,1,activator
crp,glnG,1,repressor
crp,glnL,1,activator
crp,glnL,1,repressor
crp,glpA,1,activator
crp,glpB,1,activator
crp,glpC,1,activator
crp,glpD,1,activator
crp,glpE,1,activator
crp,glpF,1,activator
crp,glpG,1,activator
crp,glpK,1,activator
crp,glpQ,1,activator
crp,glpR,1,activator
crp,glpT,1,activator
crp,gltA,1,activator
crp,gltB,1,repressor
crp,gltD,1,repressor
crp,grpE,1,activator
crp,guaA,1,activator
crp,guaB,1,activator
crp,gyrA,1,activator
crp,hflC,1,repressor
crp,hflK,1,repressor
crp,hflX,1,repressor
crp,hfq,1,repressor
crp,hupA,1,activator
crp,hupB,1,activator
crp,zraR,1,activator
crp,ilvB,1,activator
crp,ilvN,1,activator
crp,infB,1,repressor
crp,rpoS,1,repressor
crp,lacA,1,activator
crp,lacA,1,repressor
crp,lacI,1,activator
crp,lacY,1,activator
crp,lacY,1,repressor
crp,lacZ,1,activator
crp,lacZ,1,repressor
crp,lamB,1,activator
crp,lpd,1,activator
crp,lpd,1,repressor
crp,malE,1,activator
crp,malF,1,activator
crp,malG,1,activator
crp,malI,1,activator
crp,malI,1,repressor
crp,malK,1,activator
crp,malM,1,activator
crp,malT,1,activator
crp,malX,1,activator
crp,malY,1,activator
crp,manA,1,activator
crp,manA,1,repressor
crp,manX,1,activator
crp,manY,1,activator
crp,manZ,1,activator
crp,mdh,1,activator
crp,melA,1,activator
crp,melB,1,activator
crp,metK,1,repressor
crp,mglA,1,activator
crp,mglB,1,activator
crp,mglC,1,activator
crp,mtlA,1,activator
crp,mtlD,1,activator
crp,nagA,1,activator
crp,nagA,1,repressor
crp,nagB,1,activator
crp,nagB,1,repressor
crp,nagE,1,activator
crp,nagE,1,repressor
crp,nagC,1,activator
crp,nagC,1,repressor
crp,nanA,1,activator
crp,nirB,1,repressor
crp,nirC,1,repressor
crp,nirD,1,repressor
crp,nmpC,1,activator
crp,nrdA,1,activator
crp,nrdB,1,activator
crp,nupG,1,activator
crp,nupG,1,repressor
crp,nusA,1,repressor
crp,ompA,1,activator
crp,ompF,1,activator
crp,ompR,1,activator
crp,ompR,1,repressor
crp,oxyR,1,activator
crp,pck,1,activator
crp,pck,1,repressor
crp,pflB,1,activator
crp,pgk,1,activator
crp,pncB,1,repressor
crp,pnp,1,repressor
crp,ppiA,1,activator
crp,ppiA,1,repressor
crp,priB,1,activator
crp,ptsG,1,activator
crp,ptsH,1,activator
crp,ptsH,1,repressor
crp,ptsI,1,activator
crp,ptsI,1,repressor
crp,putP,1,repressor
crp,rbsA,1,activator
crp,rbsB,1,activator
crp,rbsC,1,activator
crp,rbsD,1,activator
crp,rbsK,1,activator
crp,rbsR,1,activator
crp,relA,1,activator
crp,rhaR,1,activator
crp,rhaS,1,activator
crp,rplI,1,activator
crp,rplM,1,repressor
crp,rpoH,1,activator
crp,rpoH,1,repressor
crp,rpsF,1,activator
crp,rpsI,1,repressor
crp,rpsO,1,repressor
crp,rpsR,1,activator
crp,sdhA,1,activator
crp,sdhB,1,activator
crp,sdhC,1,activator
crp,sdhD,1,activator
crp,secB,1,activator
crp,serA,1,activator
crp,serC,1,repressor
crp,sfsA,1,activator
crp,sodA,1,activator
crp,sodB,1,repressor
crp,sohB,1,repressor
crp,speC,1,repressor
crp,srlE,1,activator
crp,srlB,1,activator
crp,srlD,1,activator
crp,gutM,1,activator
crp,gutQ,1,activator
crp,srlR,1,activator
crp,sucA,1,activator
crp,sucB,1,activator
crp,sucC,1,activator
crp,sucD,1,activator
crp,tdcA,1,activator
crp,tdcB,1,activator
crp,tdcC,1,activator
crp,tnaA,1,activator
crp,tnaB,1,activator
crp,trg,1,activator
crp,trxA,1,repressor
crp,tsx,1,activator
crp,tsx,1,repressor
crp,udp,1,activator
crp,udp,1,repressor
crp,ugpA,1,activator
crp,ugpB,1,activator
crp,ugpC,1,activator
crp,ugpE,1,activator
crp,ugpQ,1,activator
crp,uhpT,1,activator
crp,uidA,1,activator
crp,uxaB,1,activator
crp,uxuA,1,activator
crp,xseA,1,repressor
crp,xylA,1,activator
crp,xylB,1,activator
crp,xylE,1,activator
crp,pdhR,1,activator
crp,cspD,1,activator
crp,ompW,1,repressor
crp,ubiG,1,activator
crp,hyfA,1,activator
crp,ygeA,1,activator
crp,tdcD,1,activator
crp,truB,1,repressor
crp,rbfA,1,repressor
crp,yhfA,1,activator
crp,yhfA,1,repressor
crp,dcuA,1,activator
crp,melR,1,activator
crp,focA,1,activator
crp,ivbL,1,activator
crp,tnaC,1,activator
crp,hyfB,1,activator
crp,dusB,1,activator
crp,dusB,1,repressor
crp,rhaT,1,activator
crp,malS,1,activator
crp,acnA,1,activator
crp,gabD,1,activator
crp,gabP,1,activator
crp,glgS,1,activator
crp,osmY,1,repressor
crp,treC,1,repressor
crp,treC,1,unknown
crp,dadA,1,activator
crp,dadA,1,repressor
crp,dadX,1,activator
crp,dadX,1,repressor
crp,marA,1,activator
crp,marR,1,activator
crp,gcvT,1,activator
crp,acs,1,activator
crp,narQ,1,repressor
crp,gadB,1,repressor
crp,gltF,1,repressor
crp,glpX,1,activator
crp,fadD,1,activator
crp,ychH,1,activator
crp,gadE,1,repressor
crp,nadC,1,activator
crp,caiD,1,activator
crp,caiC,1,activator
crp,caiB,1,activator
crp,caiA,1,activator
crp,caiT,1,activator
crp,fixA,1,activator
crp,fixB,1,activator
crp,fixC,1,activator
crp,fixX,1,activator
crp,marB,1,activator
crp,proP,1,activator
crp,proP,1,repressor
crp,uidB,1,activator
crp,galM,1,activator
crp,galM,1,repressor
crp,hofC,1,activator
crp,gcvP,1,activator
crp,puuB,1,repressor
crp,rhaD,1,activator
crp,rhaA,1,activator
crp,rhaB,1,activator
crp,sbmC,1,activator
crp,rpoE,1,activator
crp,actP,1,activator
crp,yjcH,1,activator
crp,mtlR,1,activator
crp,nupC,1,activator
crp,yeiP,1,activator
crp,hofB,1,activator
crp,ppdD,1,activator
crp,treB,1,repressor
crp,treB,1,unknown
crp,nlpE,1,repressor
crp,galP,1,activator
crp,idnK,1,activator
crp,cspE,1,activator
crp,chbG,1,activator
crp,mdtE,1,repressor
crp,mdtF,1,repressor
crp,gadX,1,repressor
crp,xylG,1,activator
crp,xylH,1,activator
crp,yiaK,1,activator
crp,yiaK,1,unknown
crp,yiaL,1,activator
crp,yiaL,1,unknown
crp,yiaM,1,activator
crp,yiaM,1,unknown
crp,yiaN,1,activator
crp,yiaN,1,unknown
crp,yiaO,1,activator
crp,yiaO,1,unknown
crp,lyxK,1,activator
crp,lyxK,1,unknown
crp,sgbH,1,activator
crp,sgbH,1,unknown
crp,sgbU,1,activator
crp,sgbU,1,unknown
crp,sgbE,1,activator
crp,sgbE,1,unknown
crp,aldB,1,activator
crp,acnB,1,activator
crp,rseA,1,activator
crp,yfaE,1,activator
crp,gntT,1,activator
crp,aegA,1,repressor
crp,gatA,1,activator
crp,gatB,1,activator
crp,gatC,1,activator
crp,gatD,1,activator
crp,gatY,1,activator
crp,modA,1,activator
crp,puuR,1,repressor
crp,mpl,1,activator
crp,ulaB,1,activator
crp,ulaC,1,activator
crp,idnT,1,activator
crp,sgcA,1,activator
crp,sgcC,1,activator
crp,sgcX,1,activator
crp,gntP,1,activator
crp,caiE,1,activator
crp,gntK,1,activator
crp,gntU,1,activator
crp,uxaA,1,activator
crp,exuT,1,activator
crp,exuR,1,repressor
crp,agaA,1,activator
crp,frlA,1,activator
crp,dctA,1,activator
crp,dgoA,1,activator
crp,dgoK,1,activator
crp,dgoT,1,activator
crp,gpsA,1,activator
crp,hpt,1,activator
crp,uxuB,1,activator
crp,uxuR,1,activator
crp,xylF,1,activator
crp,xylR,1,activator
crp,metY,1,repressor
crp,spf,1,repressor
crp,rmf,1,activator
crp,gadA,1,repressor
crp,csrC,1,repressor
crp,fadH,1,activator
crp,yaeP,1,repressor
crp,nanT,1,activator
crp,caiF,1,activator
crp,rof,1,repressor
crp,yaeQ,1,repressor
crp,yahN,1,activator
crp,prpR,1,activator
crp,prpB,1,activator
crp,prpC,1,activator
crp,prpD,1,activator
crp,prpE,1,activator
crp,mhpR,1,activator
crp,mhpE,1,activator
crp,citG,1,repressor
crp,citX,1,repressor
crp,citF,1,repressor
crp,citE,1,repressor
crp,citD,1,repressor
crp,citC,1,repressor
crp,rihA,1,activator
crp,fiu,1,activator
crp,ybiT,1,activator
crp,ybiT,1,repressor
crp,ycdZ,1,activator
crp,ycdZ,1,repressor
crp,csgG,1,activator
crp,csgF,1,activator
crp,csgE,1,activator
crp,csgD,1,activator
crp,hlyE,1,activator
crp,puuD,1,repressor
crp,puuE,1,repressor
crp,abgR,1,activator
crp,feaR,1,activator
crp,paaA,1,activator
crp,paaB,1,activator
crp,paaC,1,activator
crp,paaD,1,activator
crp,paaE,1,activator
crp,paaF,1,activator
crp,paaG,1,activator
crp,paaH,1,activator
crp,paaI,1,activator
crp,paaJ,1,activator
crp,paaK,1,activator
crp,mokB,1,activator
crp,gadC,1,repressor
crp,lsrK,1,activator
crp,lsrR,1,activator
crp,lsrA,1,activator
crp,lsrC,1,activator
crp,lsrD,1,activator
crp,lsrB,1,activator
crp,lsrF,1,activator
crp,lsrG,1,activator
crp,tam,1,activator
crp,rspB,1,activator
crp,rspA,1,activator
crp,uidC,1,activator
crp,gatZ,1,activator
crp,murP,1,activator
crp,hyfC,1,activator
crp,hyfD,1,activator
crp,hyfE,1,activator
crp,hyfF,1,activator
crp,hyfG,1,activator
crp,hyfH,1,activator
crp,hyfI,1,activator
crp,hyfJ,1,activator
crp,hyfR,1,activator
crp,focB,1,activator
crp,csiE,1,activator
crp,rseC,1,activator
crp,rseB,1,activator
crp,ygcW,1,activator
crp,yqeF,1,activator
crp,ygeW,1,activator
crp,glcC,1,activator
crp,aer,1,activator
crp,tdcG,1,activator
crp,tdcF,1,activator
crp,tdcE,1,activator
crp,kbaZ,1,activator
crp,agaV,1,activator
crp,agaW,1,activator
crp,nanK,1,activator
crp,nanE,1,activator
crp,aaeB,1,activator
crp,aaeA,1,activator
crp,aaeX,1,activator
crp,aaeR,1,repressor
crp,frlB,1,activator
crp,frlC,1,activator
crp,frlD,1,activator
crp,frlR,1,activator
crp,dgoR,1,activator
crp,dcuR,1,activator
crp,ulaA,1,activator
crp,ulaD,1,activator
crp,ulaE,1,activator
crp,ulaF,1,activator
crp,ytfK,1,activator
crp,idnR,1,activator
crp,idnO,1,activator
crp,idnD,1,activator
crp,yjhG,1,activator
crp,yjhH,1,activator
crp,yjhI,1,activator
crp,sgcR,1,activator
crp,sgcE,1,activator
crp,sgcQ,1,activator
crp,feaB,1,activator
crp,uxaC,1,activator
crp,srlA,1,activator
crp,dgoD,1,activator
crp,mhpA,1,activator
crp,mhpB,1,activator
crp,mhpC,1,activator
crp,mhpD,1,activator
crp,mhpF,1,activator
crp,sgcB,1,activator
crp,yeiW,1,activator
cadC,cadA,1,activator
cadC,cadB,1,activator
cadC,cadC,1,activator
nac,ispB,1,repressor
nac,aceB,1,repressor
nac,ackA,1,activator
nac,amn,1,repressor
nac,ampD,1,repressor
nac,cysQ,1,activator
nac,ansB,1,repressor
nac,araE,1,repressor
nac,araF,1,repressor
nac,aroD,1,repressor
nac,aroE,1,repressor
nac,aroF,1,repressor
nac,asnA,1,repressor
nac,asnC,1,repressor
nac,bfr,1,activator
nac,bglB,1,repressor
nac,bisC,1,activator
nac,cheA,1,activator
nac,moeA,1,activator
nac,cpdB,1,repressor
nac,cydA,1,activator
nac,cynT,1,repressor
nac,cysJ,1,repressor
nac,cysS,1,repressor
nac,dapB,1,repressor
nac,dcm,1,repressor
nac,dcp,1,activator
nac,ddlA,1,repressor
nac,dld,1,repressor
nac,dnaA,1,repressor
nac,mltD,1,repressor
nac,dppA,1,repressor
nac,acrE,1,repressor
nac,fepE,1,repressor
nac,fliC,1,repressor
nac,fucA,1,repressor
nac,gabT,1,activator
nac,gdhA,1,repressor
nac,glpK,1,repressor
nac,gltA,1,repressor
nac,gltB,1,repressor
nac,gltD,1,repressor
nac,gltP,1,repressor
nac,gor,1,repressor
nac,hemB,1,repressor
nac,hemH,1,repressor
nac,hfq,1,repressor
nac,htpG,1,repressor
nac,htpX,1,repressor
nac,hupA,1,activator
nac,icd,1,activator
nac,ilvN,1,repressor
nac,intD,1,repressor
nac,katG,1,repressor
nac,kbl,1,repressor
nac,kdsA,1,repressor
nac,lepA,1,activator
nac,lepB,1,repressor
nac,leuO,1,repressor
nac,livH,1,activator
nac,livK,1,repressor
nac,livM,1,repressor
nac,lrp,1,repressor
nac,lysA,1,activator
nac,lysR,1,repressor
nac,lysU,1,repressor
nac,malI,1,repressor
nac,malY,1,repressor
nac,map,1,activator
nac,mcrB,1,repressor
nac,metE,1,activator
nac,metR,1,repressor
nac,mglA,1,repressor
nac,mglB,1,repressor
nac,groS,1,activator
nac,mreC,1,repressor
nac,nanA,1,repressor
nac,narK,1,repressor
nac,narX,1,repressor
nac,nusA,1,repressor
nac,nusB,1,repressor
nac,ompA,1,repressor
nac,ompF,1,repressor
nac,ompR,1,repressor
nac,ompT,1,repressor
nac,oppA,1,activator
nac,oppC,1,repressor
nac,osmB,1,activator
nac,pfkB,1,activator
nac,phoB,1,repressor
nac,pstS,1,repressor
nac,pldA,1,repressor
nac,pntA,1,repressor
nac,polA,1,repressor
nac,ppc,1,repressor
nac,ppiB,1,repressor
nac,pstC,1,repressor
nac,pyrB,1,repressor
nac,rcsA,1,repressor
nac,rep,1,repressor
nac,rfaH,1,activator
nac,fliD,1,repressor
nac,rpmH,1,activator
nac,rpoZ,1,repressor
nac,sdaA,1,repressor
nac,sdhC,1,activator
nac,sdiA,1,repressor
nac,serA,1,repressor
nac,gmk,1,activator
nac,srlR,1,repressor
nac,sucA,1,repressor
nac,tdcA,1,repressor
nac,tdcR,1,repressor
nac,thrS,1,repressor
nac,tnaA,1,repressor
nac,tnaB,1,repressor
nac,tolB,1,repressor
nac,trxB,1,repressor
nac,uhpA,1,repressor
nac,sbcD,1,repressor
nac,yajD,1,repressor
nac,ybgC,1,repressor
nac,uvrY,1,repressor
nac,xapR,1,repressor
nac,ppdC,1,activator
nac,ygdB,1,repressor
nac,argO,1,activator
nac,yhaB,1,activator
nac,mscL,1,repressor
nac,bfd,1,repressor
nac,mioC,1,repressor
nac,ydiB,1,repressor
nac,ycaC,1,repressor
nac,ycaD,1,repressor
nac,chpS,1,repressor
nac,ychA,1,repressor
nac,yifB,1,repressor
nac,ilvL,1,activator
nac,tnaC,1,activator
nac,pyrL,1,activator
nac,leuL,1,activator
nac,wzzE,1,activator
nac,dsbA,1,repressor
nac,codA,1,activator
nac,codB,1,activator
nac,gabD,1,activator
nac,gabP,1,activator
nac,ligB,1,repressor
nac,lysP,1,repressor
nac,mdtG,1,repressor
nac,gspO,1,activator
nac,amiB,1,repressor
nac,bglH,1,repressor
nac,ubiA,1,repressor
nac,ahpC,1,activator
nac,uspA,1,repressor
nac,osmY,1,repressor
nac,dadA,1,activator
nac,cynR,1,repressor
nac,msrA,1,activator
nac,marR,1,activator
nac,gcvT,1,repressor
nac,yigI,1,activator
nac,yigL,1,activator
nac,pabC,1,repressor
nac,holE,1,repressor
nac,gltF,1,activator
nac,gltF,1,repressor
nac,yhcA,1,repressor
nac,ycgB,1,repressor
nac,ybfC,1,repressor
nac,cfa,1,repressor
nac,ibpA,1,activator
nac,wrbA,1,activator
nac,gadE,1,activator
nac,nadC,1,repressor
nac,greB,1,repressor
nac,ygiF,1,repressor
nac,evgA,1,repressor
nac,eptA,1,repressor
nac,eamA,1,repressor
nac,ydeE,1,activator
nac,yafC,1,repressor
nac,yafD,1,activator
nac,yadC,1,repressor
nac,yicJ,1,activator
nac,nudC,1,repressor
nac,yidQ,1,activator
nac,yieE,1,repressor
nac,yieH,1,repressor
nac,cbrC,1,repressor
nac,yieP,1,repressor
nac,phoH,1,repressor
nac,rsd,1,repressor
nac,nfrB,1,repressor
nac,ybbC,1,repressor
nac,cmtB,1,activator
nac,cmtA,1,activator
nac,hofC,1,repressor
nac,torA,1,repressor
nac,mobA,1,repressor
nac,yihD,1,activator
nac,hemN,1,repressor
nac,yihL,1,repressor
nac,yihO,1,repressor
nac,yihQ,1,repressor
nac,yiiE,1,repressor
nac,yiiF,1,repressor
nac,fdoG,1,repressor
nac,fdhD,1,repressor
nac,yijO,1,repressor
nac,yjaH,1,activator
nac,yjbB,1,repressor
nac,yjbQ,1,repressor
nac,yjcB,1,activator
nac,yjcF,1,activator
nac,nrfF,1,activator
nac,nrfG,1,activator
nac,yjcO,1,repressor
nac,nupC,1,activator
nac,nupC,1,repressor
nac,htrE,1,repressor
nac,rfbC,1,activator
nac,yehE,1,repressor
nac,bglX,1,activator
nac,yeiH,1,activator
nac,yejB,1,repressor
nac,yejG,1,repressor
nac,ccmH,1,repressor
nac,ccmB,1,repressor
nac,ccmA,1,repressor
nac,napC,1,repressor
nac,napB,1,repressor
nac,secG,1,repressor
nac,yeiE,1,repressor
nac,prfC,1,repressor
nac,rhtA,1,repressor
nac,nlpE,1,repressor
nac,yaeF,1,repressor
nac,cobT,1,repressor
nac,gspM,1,activator
nac,ygaC,1,repressor
nac,yhhQ,1,activator
nac,yhiJ,1,repressor
nac,mdtE,1,activator
nac,gadX,1,repressor
nac,yhjD,1,repressor
nac,yhjE,1,activator
nac,yiaD,1,repressor
nac,yadM,1,repressor
nac,cdaR,1,repressor
nac,yfaE,1,repressor
nac,ygiL,1,activator
nac,yecD,1,activator
nac,yecE,1,activator
nac,ybgE,1,activator
nac,iaaA,1,activator
nac,rfbB,1,repressor
nac,gatA,1,repressor
nac,yfiL,1,activator
nac,prmB,1,repressor
nac,yjeM,1,repressor
nac,cycA,1,activator
nac,ybaL,1,repressor
nac,ygiN,1,repressor
nac,lpxH,1,repressor
nac,ycaK,1,activator
nac,ygjI,1,repressor
nac,exuT,1,repressor
nac,kbaY,1,activator
nac,yecF,1,repressor
nac,pitB,1,activator
nac,cobU,1,repressor
nac,argU,1,activator
nac,asnT,1,repressor
nac,asnV,1,repressor
nac,leuU,1,repressor
nac,metY,1,repressor
nac,selC,1,activator
nac,spf,1,repressor
nac,rplU,1,repressor
nac,ecnA,1,repressor
nac,tff,1,repressor
nac,micC,1,activator
nac,yoeB,1,repressor
nac,ecnB,1,repressor
nac,torI,1,activator
nac,caiF,1,repressor
nac,yafV,1,activator
nac,ivy,1,activator
nac,yafQ,1,repressor
nac,dinJ,1,repressor
nac,yafN,1,repressor
nac,yafO,1,repressor
nac,yagU,1,activator
nac,ykgL,1,repressor
nac,ykgE,1,repressor
nac,ykgH,1,repressor
nac,yaiS,1,activator
nac,tauA,1,repressor
nac,yaiY,1,repressor
nac,yaiZ,1,activator
nac,thiL,1,repressor
nac,yajO,1,repressor
nac,allR,1,activator
nac,ybbW,1,activator
nac,glxK,1,repressor
nac,ybcK,1,activator
nac,borD,1,repressor
nac,ybcV,1,repressor
nac,ybdK,1,activator
nac,dsbG,1,activator
nac,uspG,1,repressor
nac,ybdR,1,repressor
nac,nadD,1,repressor
nac,ybeQ,1,activator
nac,ybeR,1,activator
nac,ybeT,1,activator
nac,ybeU,1,repressor
nac,ybhD,1,activator
nac,ybhH,1,repressor
nac,ybhI,1,repressor
nac,ybhM,1,activator
nac,ybjP,1,activator
nac,ybjQ,1,activator
nac,ybjX,1,repressor
nac,macA,1,repressor
nac,ycaN,1,activator
nac,ssuE,1,repressor
nac,yccM,1,repressor
nac,ycgX,1,activator
nac,ycgJ,1,repressor
nac,dhaK,1,repressor
nac,dhaR,1,activator
nac,ycgV,1,activator
nac,ymjA,1,repressor
nac,abgA,1,repressor
nac,abgR,1,repressor
nac,ydaT,1,repressor
nac,ydaU,1,activator
nac,ynaK,1,activator
nac,stfR,1,repressor
nac,tfaR,1,repressor
nac,pinR,1,repressor
nac,ompN,1,repressor
nac,feaR,1,activator
nac,feaR,1,repressor
nac,ydcI,1,activator
nac,ydcS,1,activator
nac,ydcT,1,activator
nac,ydcU,1,activator
nac,ydcV,1,activator
nac,ydcY,1,repressor
nac,ydcZ,1,repressor
nac,ansP,1,repressor
nac,ddpC,1,repressor
nac,ydeP,1,repressor
nac,ydeQ,1,repressor
nac,yneK,1,activator
nac,ydfK,1,repressor
nac,pinQ,1,repressor
nac,tfaQ,1,repressor
nac,ydfR,1,repressor
nac,ynfA,1,repressor
nac,ynfB,1,activator
nac,ynfD,1,repressor
nac,ynfE,1,repressor
nac,ynfF,1,repressor
nac,ynfG,1,activator
nac,ydgH,1,repressor
nac,ydiL,1,activator
nac,ydiM,1,repressor
nac,ydiO,1,repressor
nac,ydiP,1,repressor
nac,ydiY,1,repressor
nac,yniB,1,repressor
nac,ynjF,1,activator
nac,nudG,1,repressor
nac,ynjH,1,repressor
nac,yobF,1,activator
nac,kdgR,1,repressor
nac,yebQ,1,repressor
nac,yobA,1,activator
nac,yobB,1,repressor
nac,znuA,1,repressor
nac,yedL,1,repressor
nac,hchA,1,repressor
nac,shiA,1,repressor
nac,nac,1,repressor
nac,yeeZ,1,repressor
nac,ugd,1,repressor
nac,wcaF,1,activator
nac,wcaE,1,activator
nac,wzc,1,repressor
nac,wzb,1,repressor
nac,wza,1,repressor
nac,yegH,1,activator
nac,yegL,1,repressor
nac,yegR,1,repressor
nac,yfbK,1,repressor
nac,yfbL,1,activator
nac,yfbV,1,repressor
nac,yfcO,1,repressor
nac,yfcP,1,repressor
nac,emrK,1,repressor
nac,yfdE,1,repressor
nac,yfdV,1,activator
nac,mntH,1,repressor
nac,pdxK,1,repressor
nac,yfeK,1,activator
nac,yfeS,1,repressor
nac,yfgG,1,activator
nac,yfgH,1,repressor
nac,csiE,1,repressor
nac,hcaR,1,activator
nac,yfhL,1,repressor
nac,yfiR,1,repressor
nac,yfjI,1,repressor
nac,ileY,1,activator
nac,ygaV,1,repressor
nac,ygaP,1,repressor
nac,ygaM,1,repressor
nac,ygaZ,1,repressor
nac,pphB,1,repressor
nac,ispD,1,repressor
nac,ygcO,1,repressor
nac,ygcP,1,repressor
nac,ygcS,1,repressor
nac,ygcE,1,repressor
nac,gudX,1,repressor
nac,ygdR,1,repressor
nac,kduI,1,repressor
nac,yqeH,1,activator
nac,yqeJ,1,activator
nac,yqeK,1,activator
nac,ygeG,1,repressor
nac,xdhA,1,repressor
nac,yqeB,1,repressor
nac,ygfI,1,repressor
nac,yggP,1,repressor
nac,yghG,1,activator
nac,yghS,1,repressor
nac,yghT,1,repressor
nac,dkgA,1,repressor
nac,ygiZ,1,repressor
nac,ygjH,1,activator
nac,yhaI,1,repressor
nac,yraH,1,repressor
nac,yhbX,1,activator
nac,yhcC,1,activator
nac,yhcD,1,repressor
nac,nanK,1,activator
nac,yhdV,1,repressor
nac,gspG,1,repressor
nac,gspH,1,repressor
nac,yhfL,1,repressor
nac,yhfZ,1,repressor
nac,yhhZ,1,repressor
nac,yrhB,1,activator
nac,insK,1,activator
nac,yjeH,1,repressor
nac,yjeJ,1,repressor
nac,blc,1,repressor
nac,yjfZ,1,repressor
nac,ytfB,1,activator
nac,fklB,1,repressor
nac,ytfJ,1,activator
nac,ytfK,1,repressor
nac,ytfP,1,repressor
nac,yjgH,1,repressor
nac,yjgM,1,activator
nac,yjgN,1,repressor
nac,yjhI,1,repressor
nac,fhuF,1,repressor
nac,feaB,1,repressor
nac,uxaC,1,repressor
nac,nrdG,1,repressor
nac,hcaE,1,activator
nac,yohO,1,repressor
hns,hisM,1,activator
hns,garL,1,repressor
hns,appY,1,repressor
hns,bglB,1,repressor
hns,bglF,1,repressor
hns,bglG,1,repressor
hns,bolA,1,repressor
hns,cadA,1,repressor
hns,cadB,1,repressor
hns,cadC,1,repressor
hns,cspA,1,repressor
hns,cydA,1,repressor
hns,cydB,1,repressor
hns,cysA,1,repressor
hns,cysG,1,repressor
hns,cysM,1,repressor
hns,cysP,1,repressor
hns,cysU,1,repressor
hns,cysW,1,repressor
hns,entF,1,activator
hns,acrE,1,repressor
hns,acrF,1,repressor
hns,fepE,1,activator
hns,fes,1,activator
hns,fimA,1,activator
hns,fimB,1,repressor
hns,fimC,1,activator
hns,fimD,1,activator
hns,fimE,1,repressor
hns,fimF,1,activator
hns,fimG,1,activator
hns,fimH,1,activator
hns,flhC,1,activator
hns,flhD,1,activator
hns,fliC,1,activator
hns,gabT,1,activator
hns,galE,1,repressor
hns,galK,1,repressor
hns,galT,1,repressor
hns,hisP,1,activator
hns,hns,1,repressor
hns,degP,1,repressor
hns,ilvH,1,repressor
hns,ilvI,1,repressor
hns,lacA,1,repressor
hns,lacY,1,repressor
hns,lacZ,1,repressor
hns,leuO,1,repressor
hns,lrp,1,repressor
hns,malE,1,activator
hns,malF,1,activator
hns,malG,1,activator
hns,mukB,1,activator
hns,nhaA,1,repressor
hns,nirB,1,repressor
hns,nirC,1,repressor
hns,nirD,1,repressor
hns,nrdA,1,repressor
hns,nrdB,1,repressor
hns,osmC,1,repressor
hns,proV,1,repressor
hns,proW,1,repressor
hns,proX,1,repressor
hns,rcsA,1,repressor
hns,rcsB,1,repressor
hns,relA,1,activator
hns,srlE,1,activator
hns,srlB,1,activator
hns,srlD,1,activator
hns,gutM,1,activator
hns,gutQ,1,activator
hns,srlR,1,activator
hns,nhaR,1,repressor
hns,cspD,1,activator
hns,yciE,1,repressor
hns,yciF,1,repressor
hns,yciG,1,repressor
hns,garK,1,repressor
hns,garR,1,repressor
hns,chiA,1,repressor
hns,mukE,1,activator
hns,gabD,1,activator
hns,gabP,1,activator
hns,fliA,1,activator
hns,fliZ,1,activator
hns,gspO,1,repressor
hns,hdeA,1,repressor
hns,hdeB,1,repressor
hns,yhiD,1,repressor
hns,dps,1,repressor
hns,nrdD,1,repressor
hns,hdfR,1,repressor
hns,hdeD,1,repressor
hns,adiA,1,repressor
hns,gadE,1,repressor
hns,stpA,1,repressor
hns,caiD,1,repressor
hns,caiC,1,repressor
hns,caiB,1,repressor
hns,caiA,1,repressor
hns,caiT,1,repressor
hns,evgA,1,repressor
hns,evgS,1,repressor
hns,galM,1,repressor
hns,slp,1,repressor
hns,adiY,1,repressor
hns,fimI,1,activator
hns,hisJ,1,activator
hns,hisQ,1,activator
hns,mukF,1,activator
hns,gspM,1,repressor
hns,mdtE,1,repressor
hns,mdtF,1,repressor
hns,gadW,1,repressor
hns,gadX,1,repressor
hns,yfaE,1,repressor
hns,rcsD,1,repressor
hns,caiE,1,repressor
hns,garP,1,repressor
hns,alaU,1,repressor
hns,alaV,1,repressor
hns,gltT,1,repressor
hns,gltU,1,repressor
hns,gltW,1,repressor
hns,ileU,1,repressor
hns,ileV,1,repressor
hns,micF,1,repressor
hns,rnpB,1,repressor
hns,rrfB,1,repressor
hns,rrfC,1,repressor
hns,rrfD,1,repressor
hns,rrfG,1,repressor
hns,rrfH,1,repressor
hns,rrlB,1,repressor
hns,rrlC,1,repressor
hns,rrlD,1,repressor
hns,rrlG,1,repressor
hns,rrlH,1,repressor
hns,rrsB,1,repressor
hns,rrsC,1,repressor
hns,rrsD,1,repressor
hns,rrsG,1,repressor
hns,rrsH,1,repressor
hns,rrfF,1,repressor
hns,ssrS,1,repressor
hns,thrV,1,repressor
hns,gadA,1,repressor
hns,caiF,1,repressor
hns,csgG,1,repressor
hns,csgF,1,repressor
hns,csgE,1,repressor
hns,csgD,1,repressor
hns,hlyE,1,activator
hns,hlyE,1,repressor
hns,ydeO,1,repressor
hns,ydeP,1,repressor
hns,asr,1,repressor
hns,mdtI,1,repressor
hns,mdtJ,1,repressor
hns,hchA,1,repressor
hns,csiE,1,activator
hns,gspA,1,repressor
hns,gspC,1,repressor
hns,gspD,1,repressor
hns,gspE,1,repressor
hns,gspF,1,repressor
hns,gspG,1,repressor
hns,gspH,1,repressor
hns,gspI,1,repressor
hns,gspJ,1,repressor
hns,gspK,1,repressor
hns,gspL,1,repressor
hns,yjjP,1,repressor
hns,yjjQ,1,repressor
hns,bglJ,1,repressor
hns,nrdG,1,repressor
hns,srlA,1,activator
hns,yhiM,1,repressor
hns,ybdZ,1,activator
soxS,aldA,1,activator
soxS,cadA,1,activator
soxS,dapD,1,activator
soxS,fldA,1,activator
soxS,fumC,1,activator
soxS,fur,1,activator
soxS,map,1,activator
soxS,fpr,1,activator
soxS,nfo,1,activator
soxS,pgi,1,activator
soxS,poxB,1,activator
soxS,ptsG,1,activator
soxS,rimK,1,activator
soxS,sodA,1,activator
soxS,soxS,1,repressor
soxS,tolC,1,activator
soxS,ompW,1,repressor
soxS,ygiB,1,activator
soxS,ygiC,1,activator
soxS,zwf,1,activator
soxS,nfsA,1,activator
soxS,acnA,1,activator
soxS,ribA,1,activator
soxS,rob,1,repressor
soxS,glnD,1,activator
soxS,inaA,1,activator
soxS,marA,1,activator
soxS,marR,1,activator
soxS,marB,1,activator
soxS,acrA,1,activator
soxS,acrB,1,activator
soxS,mdaB,1,activator
soxS,fldB,1,activator
soxS,ybjC,1,activator
soxS,micF,1,activator
soxS,ybjN,1,activator
soxS,pqiA,1,activator
soxS,pqiB,1,activator
soxS,ompN,1,activator
soxS,ydbK,1,activator
soxS,yhbW,1,activator
soxS,yrbL,1,activator
oxyR,fecA,1,unknown
oxyR,fecB,1,unknown
oxyR,fecC,1,unknown
oxyR,fecD,1,unknown
oxyR,fecE,1,unknown
oxyR,fur,1,activator
oxyR,gor,1,activator
oxyR,grxA,1,activator
oxyR,hemH,1,activator
oxyR,katG,1,activator
oxyR,metE,1,activator
oxyR,metR,1,activator
oxyR,oxyR,1,repressor
oxyR,poxB,1,activator
oxyR,rimK,1,repressor
oxyR,uxuA,1,repressor
oxyR,xthA,1,activator
oxyR,nfsA,1,repressor
oxyR,sufA,1,activator
oxyR,ahpC,1,activator
oxyR,ahpF,1,activator
oxyR,ychF,1,repressor
oxyR,dps,1,activator
oxyR,trxC,1,activator
oxyR,hemF,1,activator
oxyR,znuB,1,activator
oxyR,gntP,1,repressor
oxyR,ybjC,1,repressor
oxyR,uxuB,1,repressor
oxyR,oxyS,1,activator
oxyR,isrC,1,repressor
oxyR,dsbG,1,activator
oxyR,ybjN,1,repressor
oxyR,hcr,1,activator
oxyR,hcp,1,activator
oxyR,sufE,1,activator
oxyR,sufS,1,activator
oxyR,sufD,1,activator
oxyR,sufC,1,activator
oxyR,sufB,1,activator
oxyR,znuA,1,activator
oxyR,znuC,1,activator
oxyR,flu,1,repressor
oxyR,elaB,1,activator
oxyR,elaB,1,repressor
oxyR,mntH,1,activator
oxyR,fhuF,1,repressor
oxyR,yjjZ,1,activator
phoB,amn,1,activator
phoB,eda,1,repressor
phoB,argP,1,activator
phoB,ompF,1,activator
phoB,phnC,1,activator
phoB,phnD,1,activator
phoB,phnF,1,activator
phoB,phnG,1,activator
phoB,phnH,1,activator
phoB,phnI,1,activator
phoB,phnJ,1,activator
phoB,phnK,1,activator
phoB,phnL,1,activator
phoB,phnM,1,activator
phoB,phnN,1,activator
phoB,phnO,1,activator
phoB,phnP,1,activator
phoB,phoA,1,activator
phoB,phoB,1,activator
phoB,phoE,1,activator
phoB,phoQ,1,activator
phoB,phoR,1,activator
phoB,pstS,1,activator
phoB,phoU,1,activator
phoB,pstA,1,activator
phoB,pstB,1,activator
phoB,pstC,1,activator
phoB,sbcC,1,repressor
phoB,ugpA,1,activator
phoB,ugpA,1,repressor
phoB,ugpB,1,activator
phoB,ugpB,1,repressor
phoB,ugpC,1,activator
phoB,ugpC,1,repressor
phoB,ugpE,1,activator
phoB,ugpE,1,repressor
phoB,ugpQ,1,activator
phoB,ugpQ,1,repressor
phoB,sbcD,1,repressor
phoB,psiF,1,activator
phoB,phoH,1,activator
phoB,tktB,1,activator
phoB,gadW,1,activator
phoB,gadX,1,activator
phoB,cusA,1,activator
phoB,adiC,1,activator
phoB,pitB,1,repressor
phoB,prpR,1,repressor
phoB,cusS,1,activator
phoB,cusR,1,activator
phoB,cusC,1,activator
phoB,cusF,1,activator
phoB,cusB,1,activator
phoB,feaR,1,repressor
phoB,asr,1,activator
phoB,mipA,1,activator
phoB,yegH,1,activator
phoB,ytfK,1,activator
cysB,cysA,1,activator
cysB,cysB,1,repressor
cysB,cysC,1,activator
cysB,cysD,1,activator
cysB,cysH,1,activator
cysB,cysI,1,activator
cysB,cysJ,1,activator
cysB,cysK,1,activator
cysB,cysM,1,activator
cysB,cysN,1,activator
cysB,cysP,1,activator
cysB,cysU,1,activator
cysB,cysW,1,activator
cysB,ssuB,1,repressor
cysB,tauD,1,activator
cysB,tauA,1,activator
cysB,tauB,1,activator
cysB,tauC,1,activator
cysB,ybdN,1,activator
cysB,ssuC,1,repressor
cysB,ssuD,1,repressor
cysB,ssuA,1,repressor
cysB,ssuE,1,repressor
cysB,yciW,1,activator
cysB,hslJ,1,repressor
cysB,yoaC,1,activator
cysB,cbl,1,activator
cysB,yfbR,1,activator
cysB,ygeH,1,activator
rcsB,ftsA,1,activator
rcsB,ftsZ,1,activator
rcsB,osmB,1,activator
rcsB,osmC,1,activator
rcsB,hdeA,1,activator
rcsB,hdeB,1,activator
rcsB,yhiD,1,activator
rcsB,gadB,1,activator
rcsB,hdeD,1,activator
rcsB,sra,1,activator
rcsB,rpoE,1,activator
rcsB,gadX,1,repressor
rcsB,rseA,1,activator
rcsB,rarA,1,activator
rcsB,gadA,1,repressor
rcsB,rprA,1,activator
rcsB,gadY,1,activator
rcsB,lolA,1,activator
rcsB,bdm,1,activator
rcsB,gadC,1,activator
rcsB,ydeO,1,activator
rcsB,ydeP,1,activator
rcsB,rseC,1,activator
rcsB,rseB,1,activator
lrhA,fimE,1,activator
lrhA,flhC,1,repressor
lrhA,flhD,1,repressor
lrhA,leuO,1,activator
lrhA,lrhA,1,activator
arcA,dcuB,1,activator
arcA,cydC,1,activator
arcA,aceA,1,repressor
arcA,aceB,1,repressor
arcA,aceE,1,repressor
arcA,aceF,1,repressor
arcA,aceK,1,repressor
arcA,ackA,1,activator
arcA,aldA,1,repressor
arcA,puuC,1,repressor
arcA,appA,1,activator
arcA,appY,1,activator
arcA,arcA,1,activator
arcA,argR,1,activator
arcA,argT,1,repressor
arcA,betA,1,repressor
arcA,betB,1,repressor
arcA,betI,1,repressor
arcA,betT,1,repressor
arcA,cadA,1,repressor
arcA,cadB,1,repressor
arcA,carA,1,activator
arcA,moeA,1,activator
arcA,moeB,1,activator
arcA,cydA,1,activator
arcA,cydB,1,activator
arcA,cyoA,1,repressor
arcA,cyoB,1,repressor
arcA,cyoC,1,repressor
arcA,cyoD,1,repressor
arcA,cyoE,1,repressor
arcA,dppA,1,activator
arcA,fadA,1,repressor
arcA,fadB,1,repressor
arcA,fadL,1,repressor
arcA,fnr,1,repressor
arcA,fumA,1,repressor
arcA,fumB,1,activator
arcA,fumC,1,repressor
arcA,glpA,1,repressor
arcA,glpB,1,repressor
arcA,glpC,1,repressor
arcA,glpD,1,repressor
arcA,glpE,1,repressor
arcA,gltA,1,repressor
arcA,hemA,1,activator
arcA,hyaA,1,activator
arcA,hyaB,1,activator
arcA,hyaC,1,activator
arcA,hyaD,1,activator
arcA,hyaE,1,activator
arcA,hyaF,1,activator
arcA,icd,1,repressor
arcA,rpoS,1,repressor
arcA,kdpA,1,repressor
arcA,kgtP,1,repressor
arcA,lpd,1,repressor
arcA,manA,1,activator
arcA,mdh,1,repressor
arcA,ndh,1,repressor
arcA,ndk,1,repressor
arcA,oppA,1,activator
arcA,oppA,1,repressor
arcA,oppB,1,repressor
arcA,oppC,1,repressor
arcA,oppD,1,repressor
arcA,oppF,1,repressor
arcA,pepN,1,repressor
arcA,pflB,1,activator
arcA,pldA,1,activator
arcA,pncB,1,activator
arcA,pntA,1,activator
arcA,prfA,1,activator
arcA,ptsG,1,repressor
arcA,putA,1,repressor
arcA,putP,1,repressor
arcA,rho,1,activator
arcA,rplB,1,repressor
arcA,rplC,1,repressor
arcA,rplD,1,repressor
arcA,rplP,1,repressor
arcA,rplV,1,repressor
arcA,rplW,1,repressor
arcA,rpmC,1,repressor
arcA,rpsC,1,repressor
arcA,rpsJ,1,repressor
arcA,rpsQ,1,repressor
arcA,rpsS,1,repressor
arcA,sdhA,1,activator
arcA,sdhA,1,repressor
arcA,sdhB,1,activator
arcA,sdhB,1,repressor
arcA,sdhC,1,activator
arcA,sdhC,1,repressor
arcA,sdhD,1,activator
arcA,sdhD,1,repressor
arcA,sodA,1,repressor
arcA,ssb,1,repressor
arcA,sucA,1,activator
arcA,sucA,1,repressor
arcA,sucB,1,activator
arcA,sucB,1,repressor
arcA,sucC,1,activator
arcA,sucC,1,repressor
arcA,sucD,1,activator
arcA,sucD,1,repressor
arcA,thrA,1,repressor
arcA,uvrA,1,repressor
arcA,xthA,1,repressor
arcA,ompW,1,repressor
arcA,dcuA,1,activator
arcA,focA,1,activator
arcA,focA,1,repressor
arcA,rhaT,1,repressor
arcA,acnA,1,repressor
arcA,ubiC,1,repressor
arcA,ubiA,1,repressor
arcA,folE,1,repressor
arcA,appB,1,activator
arcA,appC,1,activator
arcA,osmY,1,repressor
arcA,dsbB,1,activator
arcA,treC,1,activator
arcA,cydD,1,activator
arcA,sthA,1,repressor
arcA,yigI,1,repressor
arcA,ybfA,1,activator
arcA,fadD,1,repressor
arcA,gadE,1,activator
arcA,caiD,1,activator
arcA,caiC,1,activator
arcA,caiB,1,activator
arcA,caiA,1,activator
arcA,caiT,1,activator
arcA,thiC,1,repressor
arcA,potF,1,repressor
arcA,ydeA,1,repressor
arcA,yieE,1,repressor
arcA,phoH,1,repressor
arcA,rsd,1,repressor
arcA,nuoM,1,repressor
arcA,nuoF,1,repressor
arcA,yfiF,1,activator
arcA,hybA,1,repressor
arcA,hybB,1,repressor
arcA,hybC,1,repressor
arcA,hybD,1,repressor
arcA,hybE,1,repressor
arcA,hybF,1,repressor
arcA,hybG,1,repressor
arcA,puuB,1,repressor
arcA,lldP,1,repressor
arcA,lldR,1,repressor
arcA,lldD,1,repressor
arcA,nupC,1,activator
arcA,yeiQ,1,repressor
arcA,yejG,1,repressor
arcA,mqo,1,repressor
arcA,nuoA,1,repressor
arcA,nuoB,1,repressor
arcA,nuoC,1,repressor
arcA,nuoE,1,repressor
arcA,nuoG,1,repressor
arcA,nuoH,1,repressor
arcA,nuoI,1,repressor
arcA,nuoJ,1,repressor
arcA,nuoK,1,repressor
arcA,nuoL,1,repressor
arcA,nuoN,1,repressor
arcA,feoA,1,repressor
arcA,treB,1,activator
arcA,gadX,1,activator
arcA,yhjE,1,repressor
arcA,acnB,1,repressor
arcA,gatA,1,repressor
arcA,gatB,1,repressor
arcA,gatC,1,repressor
arcA,gatD,1,repressor
arcA,gatY,1,repressor
arcA,prmC,1,activator
arcA,puuR,1,repressor
arcA,cycA,1,repressor
arcA,caiE,1,activator
arcA,sstT,1,activator
arcA,dctA,1,repressor
arcA,glcB,1,repressor
arcA,xylR,1,activator
arcA,micF,1,activator
arcA,acpP,1,activator
arcA,rmf,1,repressor
arcA,gadA,1,activator
arcA,glcF,1,repressor
arcA,gcvB,1,activator
arcA,fadH,1,repressor
arcA,fadE,1,repressor
arcA,ybdN,1,activator
arcA,citG,1,repressor
arcA,citX,1,repressor
arcA,citF,1,repressor
arcA,citE,1,repressor
arcA,citD,1,repressor
arcA,citC,1,repressor
arcA,dcuC,1,activator
arcA,ybiU,1,repressor
arcA,puuP,1,repressor
arcA,puuA,1,repressor
arcA,puuD,1,repressor
arcA,puuE,1,repressor
arcA,tpx,1,repressor
arcA,ynaJ,1,repressor
arcA,yncD,1,repressor
arcA,yncE,1,repressor
arcA,ydgC,1,repressor
arcA,rstA,1,activator
arcA,gatZ,1,repressor
arcA,glcG,1,repressor
arcA,glcE,1,repressor
arcA,glcD,1,repressor
arcA,glcC,1,repressor
arcA,hybO,1,repressor
arcA,nudE,1,repressor
arcA,yhgE,1,activator
arcA,yjiR,1,repressor
fabR,fabA,1,repressor
fabR,fabB,1,repressor
nhaR,nhaA,1,activator
nhaR,osmC,1,activator
nhaR,nhaR,1,activator
lrp,cydC,1,repressor
lrp,aceB,1,activator
lrp,adhE,1,activator
lrp,adhE,1,repressor
lrp,alaS,1,repressor
lrp,ansB,1,activator
lrp,ansB,1,repressor
lrp,arcB,1,repressor
lrp,argA,1,repressor
lrp,argR,1,activator
lrp,argR,1,repressor
lrp,argS,1,repressor
lrp,argT,1,activator
lrp,aroA,1,activator
lrp,aroA,1,repressor
lrp,aroG,1,activator
lrp,aroG,1,repressor
lrp,asnA,1,activator
lrp,asnB,1,activator
lrp,aspA,1,activator
lrp,aspA,1,repressor
lrp,aspC,1,activator
lrp,aspS,1,repressor
lrp,atpA,1,repressor
lrp,atpH,1,repressor
lrp,avtA,1,activator
lrp,avtA,1,repressor
lrp,btuE,1,repressor
lrp,cadA,1,activator
lrp,cadB,1,activator
lrp,clpP,1,activator
lrp,cysB,1,repressor
lrp,deaD,1,repressor
lrp,dedA,1,repressor
lrp,deoB,1,repressor
lrp,dppA,1,activator
lrp,dppA,1,repressor
lrp,eco,1,repressor
lrp,eno,1,activator
lrp,exbB,1,activator
lrp,fadL,1,activator
lrp,fimA,1,activator
lrp,fimC,1,activator
lrp,fimD,1,activator
lrp,fimE,1,activator
lrp,fimF,1,activator
lrp,fimG,1,activator
lrp,fimH,1,activator
lrp,frdA,1,repressor
lrp,frdB,1,repressor
lrp,ftsQ,1,repressor
lrp,fumA,1,activator
lrp,gabT,1,activator
lrp,gcvH,1,activator
lrp,gdhA,1,repressor
lrp,glgC,1,repressor
lrp,glnA,1,activator
lrp,glnH,1,activator
lrp,glnL,1,activator
lrp,glnQ,1,activator
lrp,gltB,1,activator
lrp,gltD,1,activator
lrp,gltP,1,repressor
lrp,gpt,1,repressor
lrp,lpxL,1,repressor
lrp,ilvA,1,repressor
lrp,ilvD,1,repressor
lrp,ilvE,1,repressor
lrp,ilvH,1,activator
lrp,ilvH,1,repressor
lrp,ilvI,1,activator
lrp,ilvI,1,repressor
lrp,ilvM,1,repressor
lrp,katE,1,activator
lrp,katE,1,repressor
lrp,kbl,1,activator
lrp,kbl,1,repressor
lrp,leuO,1,activator
lrp,leuO,1,repressor
lrp,livF,1,repressor
lrp,livG,1,repressor
lrp,livH,1,repressor
lrp,livJ,1,activator
lrp,livJ,1,repressor
lrp,livK,1,activator
lrp,livK,1,repressor
lrp,livM,1,repressor
lrp,lrp,1,repressor
lrp,lysU,1,repressor
lrp,malT,1,activator
lrp,manA,1,repressor
lrp,metH,1,repressor
lrp,metK,1,repressor
lrp,groL,1,activator
lrp,groL,1,repressor
lrp,groS,1,repressor
lrp,msbA,1,repressor
lrp,mtr,1,repressor
lrp,mutY,1,repressor
lrp,nusB,1,repressor
lrp,ompC,1,repressor
lrp,ompT,1,activator
lrp,oppA,1,repressor
lrp,oppB,1,repressor
lrp,oppC,1,repressor
lrp,oppD,1,repressor
lrp,oppF,1,repressor
lrp,osmC,1,activator
lrp,osmC,1,repressor
lrp,pabB,1,repressor
lrp,pal,1,repressor
lrp,pepD,1,repressor
lrp,phoA,1,activator
lrp,pncB,1,repressor
lrp,pntA,1,activator
lrp,polA,1,repressor
lrp,purM,1,activator
lrp,purM,1,repressor
lrp,pyrI,1,activator
lrp,relA,1,activator
lrp,rplF,1,repressor
lrp,rplR,1,activator
lrp,rplR,1,repressor
lrp,rpoN,1,repressor
lrp,rpsH,1,repressor
lrp,sdaA,1,repressor
lrp,serA,1,activator
lrp,serA,1,repressor
lrp,serB,1,activator
lrp,serC,1,activator
lrp,serC,1,repressor
lrp,serS,1,repressor
lrp,ytjB,1,activator
lrp,soxS,1,activator
lrp,sulA,1,activator
lrp,tdh,1,activator
lrp,topA,1,repressor
lrp,treA,1,repressor
lrp,trxB,1,repressor
lrp,tyrP,1,activator
lrp,tyrP,1,repressor
lrp,tyrR,1,activator
lrp,tyrR,1,repressor
lrp,ybgA,1,repressor
lrp,yceB,1,repressor
lrp,yfiB,1,repressor
lrp,argO,1,activator
lrp,mscS,1,repressor
lrp,yhhA,1,activator
lrp,creA,1,repressor
lrp,leuA,1,activator
lrp,leuA,1,repressor
lrp,uspE,1,repressor
lrp,rnr,1,activator
lrp,rnr,1,repressor
lrp,ilvL,1,activator
lrp,ilvL,1,repressor
lrp,thrL,1,repressor
lrp,leuL,1,activator
lrp,lipA,1,activator
lrp,ribE,1,repressor
lrp,gabD,1,activator
lrp,gabP,1,activator
lrp,upp,1,repressor
lrp,lysP,1,activator
lrp,lysP,1,repressor
lrp,ychE,1,repressor
lrp,fliA,1,activator
lrp,fliA,1,repressor
lrp,ubiA,1,activator
lrp,osmY,1,repressor
lrp,hdeA,1,repressor
lrp,hdeB,1,repressor
lrp,yhiD,1,repressor
lrp,ppx,1,activator
lrp,ppx,1,repressor
lrp,dadA,1,activator
lrp,dadA,1,repressor
lrp,dadX,1,repressor
lrp,sthA,1,repressor
lrp,gcvT,1,activator
lrp,gcvT,1,repressor
lrp,rpiA,1,repressor
lrp,rhtB,1,activator
lrp,gadB,1,repressor
lrp,ppk,1,repressor
lrp,gltF,1,activator
lrp,ycgB,1,activator
lrp,ycgB,1,repressor
lrp,ibpA,1,activator
lrp,ibpB,1,activator
lrp,stpA,1,activator
lrp,thiC,1,repressor
lrp,proP,1,activator
lrp,artP,1,activator
lrp,artP,1,repressor
lrp,artI,1,activator
lrp,artI,1,repressor
lrp,potF,1,activator
lrp,potF,1,repressor
lrp,ydeE,1,repressor
lrp,slyX,1,activator
lrp,ptsN,1,repressor
lrp,yicH,1,activator
lrp,emrD,1,repressor
lrp,phoH,1,activator
lrp,rsd,1,activator
lrp,yebF,1,repressor
lrp,purT,1,activator
lrp,gcvP,1,activator
lrp,aidB,1,repressor
lrp,rpiB,1,activator
lrp,yiiM,1,repressor
lrp,menA,1,activator
lrp,yjbJ,1,repressor
lrp,aphA,1,repressor
lrp,yjbQ,1,repressor
lrp,yjbR,1,activator
lrp,yibL,1,activator
lrp,zntR,1,activator
lrp,yhdN,1,activator
lrp,htrE,1,activator
lrp,fimI,1,activator
lrp,yehL,1,repressor
lrp,yeiL,1,activator
lrp,napF,1,repressor
lrp,mqo,1,repressor
lrp,yojI,1,activator
lrp,nuoA,1,repressor
lrp,lrhA,1,activator
lrp,sdaC,1,repressor
lrp,brnQ,1,repressor
lrp,glnK,1,activator
lrp,chbG,1,activator
lrp,gadW,1,activator
lrp,gadW,1,repressor
lrp,yhjE,1,activator
lrp,yhjJ,1,activator
lrp,yhjR,1,activator
lrp,eptB,1,activator
lrp,can,1,activator
lrp,rseA,1,activator
lrp,ybiI,1,activator
lrp,ybiJ,1,repressor
lrp,modA,1,activator
lrp,ycfJ,1,activator
lrp,yjeM,1,repressor
lrp,cycA,1,repressor
lrp,yacL,1,activator
lrp,yabQ,1,activator
lrp,yiaG,1,repressor
lrp,sstT,1,repressor
lrp,yhbY,1,repressor
lrp,yhdW,1,activator
lrp,yciN,1,repressor
lrp,alaT,1,repressor
lrp,alaU,1,repressor
lrp,alaV,1,repressor
lrp,gltT,1,repressor
lrp,gltU,1,repressor
lrp,gltV,1,repressor
lrp,gltW,1,repressor
lrp,ileT,1,repressor
lrp,ileU,1,repressor
lrp,ileV,1,repressor
lrp,metT,1,repressor
lrp,micF,1,repressor
lrp,rrfA,1,repressor
lrp,rrfB,1,repressor
lrp,rrfC,1,repressor
lrp,rrfD,1,repressor
lrp,rrfE,1,repressor
lrp,rrfG,1,repressor
lrp,rrfH,1,repressor
lrp,rrlA,1,repressor
lrp,rrlB,1,repressor
lrp,rrlC,1,repressor
lrp,rrlD,1,repressor
lrp,rrlE,1,repressor
lrp,rrlG,1,repressor
lrp,rrlH,1,repressor
lrp,rrsA,1,repressor
lrp,rrsB,1,repressor
lrp,rrsC,1,repressor
lrp,rrsD,1,repressor
lrp,rrsE,1,repressor
lrp,rrsG,1,repressor
lrp,rrsH,1,repressor
lrp,rrfF,1,repressor
lrp,ssrS,1,repressor
lrp,thrV,1,repressor
lrp,gadY,1,activator
lrp,ldhA,1,activator
lrp,yaaX,1,activator
lrp,yaeQ,1,activator
lrp,yagU,1,activator
lrp,ykgE,1,activator
lrp,yaiY,1,activator
lrp,borD,1,activator
lrp,ybdG,1,repressor
lrp,ybdF,1,activator
lrp,ybdL,1,repressor
lrp,ybeX,1,repressor
lrp,zitB,1,activator
lrp,ybgS,1,activator
lrp,ybgS,1,repressor
lrp,ybhQ,1,activator
lrp,ybhQ,1,repressor
lrp,ybiO,1,repressor
lrp,ybiT,1,repressor
lrp,ybjN,1,repressor
lrp,ybjS,1,repressor
lrp,ybjX,1,activator
lrp,clpS,1,activator
lrp,lolA,1,repressor
lrp,ycaM,1,repressor
lrp,lolC,1,activator
lrp,hlyE,1,repressor
lrp,dhaK,1,repressor
lrp,yciT,1,activator
lrp,ydcK,1,activator
lrp,ydcL,1,activator
lrp,ydeN,1,activator
lrp,ydgH,1,activator
lrp,slyA,1,activator
lrp,slyA,1,repressor
lrp,ydhQ,1,activator
lrp,astC,1,activator
lrp,astC,1,repressor
lrp,ynjH,1,activator
lrp,yeaE,1,repressor
lrp,yeaG,1,activator
lrp,yoaH,1,activator
lrp,yodC,1,repressor
lrp,cbl,1,activator
lrp,nac,1,activator
lrp,yfaP,1,activator
lrp,yfcC,1,repressor
lrp,yfcZ,1,repressor
lrp,zipA,1,activator
lrp,intZ,1,repressor
lrp,csiE,1,activator
lrp,csiE,1,repressor
lrp,amiC,1,repressor
lrp,yqeF,1,activator
lrp,yqeG,1,repressor
lrp,ygiV,1,activator
lrp,ygiV,1,repressor
lrp,ygiW,1,activator
lrp,ygiW,1,repressor
lrp,qseB,1,repressor
lrp,aer,1,repressor
lrp,yhcN,1,repressor
lrp,yhdV,1,activator
lrp,yzgL,1,activator
lrp,yhhW,1,activator
lrp,yhhW,1,repressor
lrp,fxsA,1,activator
lrp,fxsA,1,repressor
lrp,yjeH,1,activator
lrp,yjfP,1,activator
lrp,ytfB,1,activator
lrp,ytfB,1,repressor
lrp,ytfJ,1,activator
lrp,ytfJ,1,repressor
lrp,ytfK,1,repressor
lrp,yjiC,1,repressor
lrp,yjiL,1,activator
lrp,yjiL,1,repressor
lrp,yhiM,1,repressor
lrp,yibT,1,activator
hyfR,hyfA,1,activator
hyfR,hyfB,1,activator
hyfR,hyfC,1,activator
hyfR,hyfD,1,activator
hyfR,hyfE,1,activator
hyfR,hyfF,1,activator
hyfR,hyfG,1,activator
hyfR,hyfH,1,activator
hyfR,hyfI,1,activator
hyfR,hyfJ,1,activator
hyfR,hyfR,1,activator
hyfR,focB,1,activator
fhlA,fdhF,1,activator
fhlA,fhlA,1,activator
fhlA,hycA,1,activator
fhlA,hycB,1,activator
fhlA,hycC,1,activator
fhlA,hycD,1,activator
fhlA,hycE,1,activator
fhlA,hycF,1,activator
fhlA,hycG,1,activator
fhlA,hycH,1,activator
fhlA,hypA,1,activator
fhlA,hypB,1,activator
fhlA,hypC,1,activator
fhlA,hypD,1,activator
fhlA,hypE,1,activator
fhlA,hyfA,1,activator
fhlA,hyfB,1,activator
fhlA,hypF,1,activator
fhlA,hydN,1,activator
fhlA,hyfC,1,activator
fhlA,hyfD,1,activator
fhlA,hyfE,1,activator
fhlA,hyfF,1,activator
fhlA,hyfG,1,activator
fhlA,hyfH,1,activator
fhlA,hyfI,1,activator
fhlA,hyfJ,1,activator
fhlA,hyfR,1,activator
fhlA,focB,1,activator
fhlA,hycI,1,activator
pspF,pspA,1,activator
pspF,pspB,1,activator
pspF,pspC,1,activator
pspF,pspD,1,activator
pspF,pspE,1,activator
pspF,pspF,1,repressor
treR,treC,1,repressor
treR,treB,1,repressor
marA,aldA,1,activator
marA,dapD,1,activator
marA,fumC,1,activator
marA,lacA,1,repressor
marA,lacY,1,repressor
marA,lacZ,1,repressor
marA,map,1,activator
marA,fpr,1,activator
marA,nfo,1,activator
marA,poxB,1,activator
marA,purA,1,repressor
marA,putA,1,activator
marA,rimK,1,activator
marA,sodA,1,activator
marA,tolC,1,activator
marA,xseA,1,activator
marA,ygiB,1,activator
marA,ygiC,1,activator
marA,zwf,1,activator
marA,nfsA,1,activator
marA,acnA,1,activator
marA,rob,1,repressor
marA,hdeA,1,repressor
marA,hdeB,1,repressor
marA,yhiD,1,repressor
marA,glnD,1,activator
marA,inaA,1,activator
marA,marA,1,activator
marA,marR,1,activator
marA,marB,1,activator
marA,acrA,1,activator
marA,acrB,1,activator
marA,slp,1,repressor
marA,mdaB,1,activator
marA,ybjC,1,activator
marA,micF,1,activator
marA,ybjN,1,activator
marA,pqiA,1,activator
marA,pqiB,1,activator
marA,ycgZ,1,activator
marA,ymgA,1,activator
marA,ymgC,1,activator
marA,yncE,1,activator
marA,yhbW,1,activator
iscR,hyaA,1,repressor
iscR,hyaB,1,repressor
iscR,hyaC,1,repressor
iscR,hyaD,1,repressor
iscR,hyaE,1,repressor
iscR,hyaF,1,repressor
iscR,sufA,1,activator
iscR,napC,1,repressor
iscR,napB,1,repressor
iscR,napH,1,repressor
iscR,napG,1,repressor
iscR,napA,1,repressor
iscR,napF,1,repressor
iscR,iscA,1,repressor
iscR,napD,1,repressor
iscR,nrdF,1,activator
iscR,nrdE,1,activator
iscR,torT,1,repressor
iscR,sufE,1,activator
iscR,sufS,1,activator
iscR,sufD,1,activator
iscR,sufC,1,activator
iscR,sufB,1,activator
iscR,iscU,1,repressor
iscR,iscS,1,repressor
iscR,iscR,1,repressor
iscR,nrdH,1,activator
iscR,nrdI,1,activator
glcC,glcB,1,activator
glcC,glcF,1,activator
glcC,glcG,1,activator
glcC,glcE,1,activator
glcC,glcD,1,activator
glcC,glcC,1,repressor
gadX,asnB,1,activator
gadX,btuB,1,repressor
gadX,cadA,1,activator
gadX,cadB,1,activator
gadX,hns,1,activator
gadX,rpoS,1,activator
gadX,lon,1,activator
gadX,murI,1,repressor
gadX,uspE,1,activator
gadX,hdeA,1,activator
gadX,hdeA,1,repressor
gadX,hdeB,1,activator
gadX,hdeB,1,repressor
gadX,yhiD,1,activator
gadX,yhiD,1,repressor
gadX,gadB,1,activator
gadX,hdeD,1,activator
gadX,gadE,1,activator
gadX,amtB,1,activator
gadX,slp,1,activator
gadX,glnK,1,activator
gadX,mdtE,1,activator
gadX,mdtF,1,activator
gadX,gadW,1,activator
gadX,gadW,1,repressor
gadX,gadX,1,activator
gadX,gadA,1,activator
gadX,gadY,1,activator
gadX,ybaT,1,activator
gadX,gadC,1,activator
gadX,ydeM,1,repressor
gadX,ydeN,1,repressor
gadX,ynfB,1,repressor
gadX,speG,1,repressor
gadW,hdeA,1,activator
gadW,hdeA,1,repressor
gadW,hdeB,1,activator
gadW,hdeB,1,repressor
gadW,yhiD,1,activator
gadW,yhiD,1,repressor
gadW,gadB,1,activator
gadW,gadB,1,repressor
gadW,gadE,1,activator
gadW,slp,1,repressor
gadW,mdtE,1,activator
gadW,mdtF,1,activator
gadW,gadW,1,repressor
gadW,gadX,1,activator
gadW,gadX,1,repressor
gadW,gadA,1,activator
gadW,gadA,1,repressor
gadW,gadY,1,repressor
gadW,gadC,1,activator
gadW,gadC,1,repressor
mhpR,mhpE,1,activator
mhpR,mhpA,1,activator
mhpR,mhpB,1,activator
mhpR,mhpC,1,activator
mhpR,mhpD,1,activator
mhpR,mhpF,1,activator
rtcR,rtcA,1,activator
rtcR,rtcB,1,activator
phoP,argD,1,repressor
phoP,cysB,1,activator
phoP,fadL,1,activator
phoP,glgA,1,activator
phoP,glgB,1,activator
phoP,glgC,1,activator
phoP,glgP,1,activator
phoP,glgX,1,activator
phoP,hemL,1,activator
phoP,metB,1,activator
phoP,metL,1,activator
phoP,nagA,1,activator
phoP,ompT,1,activator
phoP,phoP,1,activator
phoP,phoP,1,repressor
phoP,phoQ,1,activator
phoP,phoQ,1,repressor
phoP,purD,1,activator
phoP,purH,1,activator
phoP,tolC,1,activator
phoP,ygiB,1,activator
phoP,ygiC,1,activator
phoP,rstB,1,activator
phoP,malS,1,activator
phoP,hdeA,1,activator
phoP,hdeB,1,activator
phoP,yhiD,1,activator
phoP,hdeD,1,activator
phoP,gadE,1,activator
phoP,acrA,1,repressor
phoP,acrB,1,repressor
phoP,treR,1,repressor
phoP,gadW,1,activator
phoP,mgtA,1,activator
phoP,borD,1,activator
phoP,ybjG,1,activator
phoP,clpS,1,repressor
phoP,ydeO,1,repressor
phoP,ydeP,1,repressor
phoP,rstA,1,activator
phoP,slyB,1,activator
phoP,slyB,1,repressor
phoP,yrbL,1,activator
phoP,dcuD,1,repressor
narL,dcuB,1,repressor
narL,cydC,1,activator
narL,adhE,1,repressor
narL,aspA,1,repressor
narL,moeA,1,activator
narL,moeB,1,activator
narL,cysG,1,activator
narL,dmsA,1,repressor
narL,dmsB,1,repressor
narL,dmsC,1,repressor
narL,fdhF,1,repressor
narL,frdA,1,repressor
narL,frdB,1,repressor
narL,frdC,1,repressor
narL,frdD,1,repressor
narL,fumB,1,repressor
narL,hyaA,1,repressor
narL,hyaB,1,repressor
narL,hyaC,1,repressor
narL,hyaD,1,repressor
narL,hyaE,1,repressor
narL,hyaF,1,repressor
narL,narG,1,activator
narL,narH,1,activator
narL,narI,1,activator
narL,narJ,1,activator
narL,narK,1,activator
narL,nirB,1,activator
narL,nirC,1,activator
narL,nirD,1,activator
narL,ogt,1,activator
narL,pflB,1,repressor
narL,poxB,1,activator
narL,ompW,1,repressor
narL,dcuA,1,repressor
narL,fdnG,1,activator
narL,fdnH,1,activator
narL,fdnI,1,activator
narL,focA,1,repressor
narL,ubiC,1,repressor
narL,ubiA,1,repressor
narL,cydD,1,activator
narL,nikR,1,repressor
narL,nuoM,1,activator
narL,nuoF,1,activator
narL,nrfA,1,activator
narL,nrfA,1,repressor
narL,hybA,1,repressor
narL,hybB,1,repressor
narL,hybC,1,repressor
narL,hybD,1,repressor
narL,hybE,1,repressor
narL,hybF,1,repressor
narL,hybG,1,repressor
narL,torA,1,repressor
narL,torC,1,repressor
narL,nrfB,1,activator
narL,nrfB,1,repressor
narL,nrfC,1,activator
narL,nrfC,1,repressor
narL,nrfD,1,activator
narL,nrfD,1,repressor
narL,nrfE,1,activator
narL,nrfE,1,repressor
narL,nrfF,1,activator
narL,nrfF,1,repressor
narL,nrfG,1,activator
narL,nrfG,1,repressor
narL,ccmH,1,repressor
narL,ccmG,1,repressor
narL,ccmF,1,repressor
narL,ccmE,1,repressor
narL,ccmC,1,repressor
narL,ccmB,1,repressor
narL,ccmA,1,repressor
narL,napC,1,repressor
narL,napB,1,repressor
narL,napH,1,repressor
narL,napG,1,repressor
narL,napA,1,repressor
narL,napF,1,repressor
narL,nikA,1,repressor
narL,nikB,1,repressor
narL,nikC,1,repressor
narL,nikD,1,repressor
narL,nikE,1,repressor
narL,nuoA,1,activator
narL,nuoB,1,activator
narL,nuoC,1,activator
narL,nuoE,1,activator
narL,nuoG,1,activator
narL,nuoH,1,activator
narL,nuoI,1,activator
narL,nuoJ,1,activator
narL,nuoK,1,activator
narL,nuoL,1,activator
narL,nuoN,1,activator
narL,napD,1,repressor
narL,ccmD,1,repressor
narL,torD,1,repressor
narL,norW,1,repressor
narL,caiF,1,repressor
narL,citG,1,repressor
narL,citX,1,repressor
narL,citF,1,repressor
narL,citE,1,repressor
narL,citD,1,repressor
narL,citC,1,repressor
narL,hcr,1,activator
narL,hcp,1,activator
narL,ydeP,1,activator
narL,ynfE,1,repressor
narL,ynfF,1,repressor
narL,ynfG,1,repressor
narL,ynfH,1,repressor
narL,dmsD,1,repressor
narL,ydhT,1,repressor
narL,ydhU,1,repressor
narL,ydhX,1,repressor
narL,ydhW,1,repressor
narL,ydhV,1,repressor
narL,ydhY,1,repressor
narL,yoaG,1,activator
narL,yeaR,1,activator
narL,norV,1,repressor
narL,hybO,1,repressor
narL,dcuR,1,repressor
narL,dcuS,1,repressor
narL,ytfE,1,activator
narP,cysG,1,activator
narP,fdhF,1,activator
narP,hyaA,1,repressor
narP,hyaB,1,repressor
narP,hyaC,1,repressor
narP,hyaD,1,repressor
narP,hyaE,1,repressor
narP,hyaF,1,repressor
narP,nirB,1,activator
narP,nirC,1,activator
narP,nirD,1,activator
narP,poxB,1,activator
narP,fdnG,1,repressor
narP,fdnH,1,repressor
narP,fdnI,1,repressor
narP,nrfA,1,activator
narP,nrfB,1,activator
narP,nrfC,1,activator
narP,nrfD,1,activator
narP,nrfE,1,activator
narP,nrfF,1,activator
narP,nrfG,1,activator
narP,ccmH,1,activator
narP,ccmH,1,repressor
narP,ccmG,1,activator
narP,ccmG,1,repressor
narP,ccmF,1,activator
narP,ccmF,1,repressor
narP,ccmE,1,activator
narP,ccmE,1,repressor
narP,ccmC,1,activator
narP,ccmC,1,repressor
narP,ccmB,1,activator
narP,ccmB,1,repressor
narP,ccmA,1,activator
narP,ccmA,1,repressor
narP,napC,1,activator
narP,napC,1,repressor
narP,napB,1,activator
narP,napB,1,repressor
narP,napH,1,activator
narP,napH,1,repressor
narP,napG,1,activator
narP,napG,1,repressor
narP,napA,1,activator
narP,napA,1,repressor
narP,napF,1,activator
narP,napF,1,repressor
narP,napD,1,activator
narP,napD,1,repressor
narP,ccmD,1,activator
narP,ccmD,1,repressor
narP,norW,1,repressor
narP,hcr,1,activator
narP,hcp,1,activator
narP,ydeP,1,repressor
narP,ydhT,1,repressor
narP,ydhU,1,repressor
narP,ydhX,1,repressor
narP,ydhW,1,repressor
narP,ydhV,1,repressor
narP,ydhY,1,repressor
narP,yoaG,1,activator
narP,yeaR,1,activator
narP,norV,1,repressor
narP,ytfE,1,activator
paaX,paaA,1,repressor
paaX,paaB,1,repressor
paaX,paaC,1,repressor
paaX,paaD,1,repressor
paaX,paaE,1,repressor
paaX,paaF,1,repressor
paaX,paaG,1,repressor
paaX,paaH,1,repressor
paaX,paaI,1,repressor
paaX,paaJ,1,repressor
paaX,paaK,1,repressor
paaX,paaX,1,repressor
paaX,paaY,1,repressor
evgA,acrD,1,activator
evgA,gadE,1,activator
evgA,evgA,1,activator
evgA,evgS,1,activator
evgA,mdtE,1,activator
evgA,mdtF,1,activator
evgA,emrY,1,activator
evgA,ydeO,1,activator
evgA,ydeP,1,activator
evgA,yegR,1,activator
evgA,emrK,1,activator
evgA,yfdE,1,activator
evgA,yfdV,1,activator
evgA,oxc,1,activator
evgA,frc,1,activator
evgA,yfdX,1,activator
mprA,mprA,1,repressor
mprA,nmpC,1,repressor
mprA,emrA,1,repressor
mprA,emrB,1,repressor
mprA,acrA,1,repressor
mprA,acrB,1,repressor
argR,hisM,1,repressor
argR,argA,1,repressor
argR,argB,1,repressor
argR,argC,1,repressor
argR,argD,1,repressor
argR,argF,1,repressor
argR,argG,1,repressor
argR,argI,1,repressor
argR,argR,1,repressor
argR,aroK,1,repressor
argR,aroP,1,activator
argR,carA,1,repressor
argR,carB,1,repressor
argR,cvpA,1,repressor
argR,dacC,1,repressor
argR,ftsZ,1,repressor
argR,gltB,1,repressor
argR,gltD,1,repressor
argR,gltP,1,activator
argR,hisP,1,repressor
argR,infB,1,repressor
argR,lrp,1,repressor
argR,nusA,1,repressor
argR,pfkB,1,repressor
argR,pnp,1,repressor
argR,rpsO,1,repressor
argR,yffB,1,activator
argR,truB,1,repressor
argR,rbfA,1,repressor
argR,argH,1,repressor
argR,mukE,1,repressor
argR,hisL,1,repressor
argR,pyrL,1,repressor
argR,argE,1,repressor
argR,dps,1,repressor
argR,gltF,1,repressor
argR,stpA,1,repressor
argR,yaaU,1,activator
argR,artP,1,repressor
argR,artI,1,repressor
argR,artQ,1,repressor
argR,artM,1,repressor
argR,artJ,1,repressor
argR,potF,1,repressor
argR,puuB,1,activator
argR,hisJ,1,repressor
argR,hisQ,1,repressor
argR,metY,1,repressor
argR,ykgA,1,activator
argR,ydgI,1,repressor
argR,astE,1,activator
argR,astB,1,activator
argR,astD,1,activator
argR,astA,1,activator
argR,astC,1,activator
argR,hchA,1,repressor
argR,yfcC,1,repressor
argR,yraQ,1,activator
argR,yhcC,1,repressor
envY,ompC,1,activator
envY,ompF,1,activator
fadR,accD,1,activator
fadR,fabA,1,activator
fadR,fabB,1,activator
fadR,accB,1,activator
fadR,accC,1,activator
fadR,fabH,1,activator
fadR,fadA,1,repressor
fadR,fadB,1,repressor
fadR,fadL,1,repressor
fadR,fadR,1,activator
fadR,iclR,1,activator
fadR,fabD,1,activator
fadR,fabG,1,activator
fadR,uspA,1,repressor
fadR,fabI,1,activator
fadR,fadD,1,repressor
fadR,accA,1,activator
fadR,fadH,1,repressor
fadR,fadE,1,repressor
sdiA,ftsA,1,repressor
sdiA,ftsQ,1,activator
sdiA,ftsQ,1,repressor
sdiA,ftsZ,1,repressor
sdiA,rsd,1,activator
sdiA,gadW,1,activator
sdiA,rmf,1,activator
sdiA,gadY,1,activator
iclR,aceA,1,repressor
iclR,aceB,1,repressor
iclR,aceK,1,repressor
iclR,iclR,1,repressor
dnaA,aldA,1,repressor
dnaA,dnaA,1,activator
dnaA,dnaA,1,repressor
dnaA,dnaN,1,activator
dnaA,dnaN,1,repressor
dnaA,guaA,1,repressor
dnaA,guaB,1,repressor
dnaA,nrdA,1,activator
dnaA,nrdA,1,repressor
dnaA,nrdB,1,activator
dnaA,nrdB,1,repressor
dnaA,polA,1,activator
dnaA,recF,1,activator
dnaA,recF,1,repressor
dnaA,recN,1,repressor
dnaA,rpoH,1,repressor
dnaA,uvrB,1,repressor
dnaA,yfaE,1,activator
dnaA,yfaE,1,repressor
nagC,chbB,1,repressor
nagC,chbC,1,repressor
nagC,chbA,1,repressor
nagC,chbR,1,repressor
nagC,chbF,1,repressor
nagC,creD,1,repressor
nagC,crr,1,repressor
nagC,fimB,1,activator
nagC,glmS,1,activator
nagC,glmS,1,repressor
nagC,manX,1,repressor
nagC,manY,1,repressor
nagC,manZ,1,repressor
nagC,nagA,1,repressor
nagC,nagB,1,repressor
nagC,nagE,1,repressor
nagC,nagC,1,repressor
nagC,creC,1,repressor
nagC,ptsH,1,repressor
nagC,ptsI,1,repressor
nagC,glmU,1,activator
nagC,glmU,1,repressor
nagC,creA,1,repressor
nagC,creB,1,repressor
nagC,feoA,1,unknown
nagC,feoB,1,unknown
nagC,galP,1,repressor
nagC,chbG,1,repressor
nagC,dinI,1,repressor
nagC,ydeM,1,repressor
nagC,ydeN,1,repressor
nagC,ydeP,1,repressor
nagC,eutT,1,unknown
nagC,eutQ,1,unknown
nagC,eutP,1,unknown
norR,norR,1,repressor
norR,norW,1,activator
norR,norV,1,activator
cusR,cyoA,1,activator
cusR,cyoB,1,activator
cusR,cyoC,1,activator
cusR,cyoD,1,activator
cusR,cyoE,1,activator
cusR,cusA,1,activator
cusR,cusS,1,activator
cusR,cusR,1,activator
cusR,cusC,1,activator
cusR,cusF,1,activator
cusR,cusB,1,activator
mngR,mngR,1,repressor
mngR,mngA,1,repressor
mngR,mngB,1,repressor
cdaR,garL,1,activator
cdaR,garK,1,activator
cdaR,garR,1,activator
cdaR,cdaR,1,activator
cdaR,garD,1,activator
cdaR,garP,1,activator
cdaR,rnpB,1,activator
cdaR,gudD,1,activator
cdaR,gudX,1,activator
cdaR,gudP,1,activator
zur,znuB,1,repressor
zur,ykgM,1,repressor
zur,znuA,1,repressor
zur,znuC,1,repressor
zur,ykgO,1,repressor
putA,putA,1,repressor
putA,putP,1,repressor
chbR,chbB,1,activator
chbR,chbB,1,repressor
chbR,chbC,1,activator
chbR,chbC,1,repressor
chbR,chbA,1,activator
chbR,chbA,1,repressor
chbR,chbR,1,activator
chbR,chbR,1,repressor
chbR,chbF,1,activator
chbR,chbF,1,repressor
chbR,chbG,1,activator
chbR,chbG,1,repressor
gadE,cyoA,1,activator
gadE,cyoB,1,activator
gadE,cyoC,1,activator
gadE,cyoD,1,activator
gadE,cyoE,1,activator
gadE,lpxD,1,activator
gadE,fliC,1,activator
gadE,gltB,1,activator
gadE,gltD,1,activator
gadE,gnd,1,activator
gadE,lpxA,1,activator
gadE,lrp,1,activator
gadE,purA,1,activator
gadE,rcsA,1,activator
gadE,fabZ,1,activator
gadE,hdeA,1,activator
gadE,hdeB,1,activator
gadE,yhiD,1,activator
gadE,gadB,1,activator
gadE,hdeD,1,activator
gadE,gltF,1,activator
gadE,gadE,1,activator
gadE,yjbQ,1,activator
gadE,yjbR,1,activator
gadE,mdtE,1,activator
gadE,mdtF,1,activator
gadE,gadW,1,activator
gadE,gadX,1,activator
gadE,gadC,1,activator
gadE,yhiM,1,activator
gntR,eda,1,repressor
gntR,edd,1,repressor
gntR,idnK,1,repressor
gntR,gntT,1,repressor
gntR,idnT,1,repressor
gntR,gntK,1,repressor
gntR,gntU,1,repressor
gntR,idnR,1,repressor
gntR,idnO,1,repressor
gntR,idnD,1,repressor
idnR,idnK,1,activator
idnR,idnT,1,activator
idnR,gntK,1,repressor
idnR,gntU,1,repressor
idnR,idnR,1,activator
idnR,idnO,1,activator
idnR,idnD,1,activator
exuR,uxaB,1,repressor
exuR,uxuA,1,repressor
exuR,uxaA,1,repressor
exuR,exuT,1,repressor
exuR,exuR,1,repressor
exuR,uxuB,1,repressor
exuR,uxuR,1,repressor
exuR,uxaC,1,repressor
uxuR,uidA,1,repressor
uxuR,uxuA,1,repressor
uxuR,uidB,1,repressor
uxuR,gntP,1,repressor
uxuR,exuR,1,repressor
uxuR,uxuB,1,repressor
uxuR,uxuR,1,repressor
uxuR,uidC,1,repressor
uidR,uidA,1,repressor
uidR,uidB,1,repressor
uidR,uidC,1,repressor
uidR,uidR,1,repressor
ulaR,ulaB,1,repressor
ulaR,ulaC,1,repressor
ulaR,ulaG,1,repressor
ulaR,ulaA,1,repressor
ulaR,ulaD,1,repressor
ulaR,ulaE,1,repressor
ulaR,ulaF,1,repressor
trpR,aroH,1,repressor
trpR,aroL,1,repressor
trpR,aroM,1,repressor
trpR,mtr,1,repressor
trpR,trpA,1,repressor
trpR,trpB,1,repressor
trpR,trpC,1,repressor
trpR,trpD,1,repressor
trpR,trpE,1,repressor
trpR,trpR,1,repressor
trpR,yaiA,1,repressor
trpR,trpL,1,repressor
malT,lamB,1,activator
malT,malE,1,activator
malT,malF,1,activator
malT,malG,1,activator
malT,malK,1,activator
malT,malM,1,activator
malT,malP,1,activator
malT,malQ,1,activator
malT,malZ,1,activator
malT,malS,1,activator
pdhR,aceE,1,repressor
pdhR,aceF,1,repressor
pdhR,cyoA,1,repressor
pdhR,cyoB,1,repressor
pdhR,cyoC,1,repressor
pdhR,cyoD,1,repressor
pdhR,cyoE,1,repressor
pdhR,ddlB,1,repressor
pdhR,lpxC,1,repressor
pdhR,fecA,1,activator
pdhR,fecB,1,activator
pdhR,fecC,1,activator
pdhR,fecD,1,activator
pdhR,fecE,1,activator
pdhR,ftsA,1,repressor
pdhR,ftsI,1,repressor
pdhR,ftsQ,1,repressor
pdhR,ftsW,1,repressor
pdhR,ftsZ,1,repressor
pdhR,hemL,1,repressor
pdhR,hha,1,repressor
pdhR,lpd,1,repressor
pdhR,mraY,1,repressor
pdhR,murC,1,repressor
pdhR,murD,1,repressor
pdhR,murE,1,repressor
pdhR,murF,1,repressor
pdhR,murG,1,repressor
pdhR,ndh,1,repressor
pdhR,mraZ,1,repressor
pdhR,ftsL,1,repressor
pdhR,pdhR,1,repressor
pdhR,glcB,1,repressor
pdhR,glcF,1,repressor
pdhR,glcG,1,repressor
pdhR,glcE,1,repressor
pdhR,glcD,1,repressor
hdfR,flhC,1,repressor
hdfR,flhD,1,repressor
hdfR,gltB,1,activator
hdfR,gltD,1,activator
hdfR,gltF,1,activator
slyA,fecI,1,repressor
slyA,fecR,1,repressor
slyA,leuO,1,activator
slyA,gspO,1,activator
slyA,rsd,1,activator
slyA,gspM,1,activator
slyA,sgcA,1,repressor
slyA,sgcC,1,repressor
slyA,sgcX,1,repressor
slyA,rmf,1,activator
slyA,hlyE,1,activator
slyA,paaA,1,activator
slyA,paaB,1,activator
slyA,paaC,1,activator
slyA,paaD,1,activator
slyA,paaE,1,activator
slyA,paaF,1,activator
slyA,paaG,1,activator
slyA,paaH,1,activator
slyA,paaI,1,activator
slyA,paaJ,1,activator
slyA,paaK,1,activator
slyA,slyA,1,activator
slyA,gspC,1,activator
slyA,gspD,1,activator
slyA,gspE,1,activator
slyA,gspF,1,activator
slyA,gspG,1,activator
slyA,gspH,1,activator
slyA,gspI,1,activator
slyA,gspJ,1,activator
slyA,gspK,1,activator
slyA,gspL,1,activator
slyA,sgcR,1,repressor
slyA,sgcE,1,repressor
slyA,sgcQ,1,repressor
slyA,yjiN,1,activator
slyA,sgcB,1,repressor
qseB,dnaA,1,repressor
qseB,fimA,1,activator
qseB,fimC,1,activator
qseB,fimD,1,activator
qseB,fimF,1,activator
qseB,fimG,1,activator
qseB,fimH,1,activator
qseB,flhC,1,activator
qseB,flhD,1,activator
qseB,fimI,1,activator
qseB,qseC,1,activator
qseB,feaR,1,activator
qseB,feaR,1,repressor
qseB,qseB,1,activator
ydeO,appA,1,activator
ydeO,hyaA,1,activator
ydeO,hyaB,1,activator
ydeO,hyaC,1,activator
ydeO,hyaD,1,activator
ydeO,hyaE,1,activator
ydeO,hyaF,1,activator
ydeO,nhaR,1,activator
ydeO,appB,1,activator
ydeO,appC,1,activator
ydeO,gadE,1,activator
ydeO,yiiS,1,activator
ydeO,slp,1,activator
ydeO,mdtE,1,activator
ydeO,mdtF,1,activator
ydeO,gadW,1,activator
ydeO,ydeO,1,repressor
araC,araA,1,activator
araC,araA,1,repressor
araC,araB,1,activator
araC,araB,1,repressor
araC,araC,1,activator
araC,araC,1,repressor
araC,araD,1,activator
araC,araD,1,repressor
araC,araE,1,activator
araC,araF,1,activator
araC,araG,1,activator
araC,araH,1,activator
araC,araJ,1,activator
araC,xylA,1,repressor
araC,xylB,1,repressor
araC,ygeA,1,activator
araC,yjfF,1,repressor
araC,ytfQ,1,repressor
araC,ytfR,1,repressor
araC,ytfT,1,repressor
araC,ydeM,1,repressor
araC,ydeN,1,repressor
rhaS,rhaR,1,activator
rhaS,rhaR,1,unknown
rhaS,rhaS,1,activator
rhaS,rhaS,1,unknown
rhaS,rhaT,1,activator
rhaS,rhaT,1,unknown
rhaS,rhaD,1,activator
rhaS,rhaA,1,activator
rhaS,rhaB,1,activator
melR,melA,1,activator
melR,melA,1,repressor
melR,melB,1,activator
melR,melB,1,repressor
melR,melR,1,activator
melR,melR,1,repressor
cytR,cdd,1,repressor
cytR,cytR,1,repressor
cytR,deoA,1,repressor
cytR,deoB,1,repressor
cytR,deoC,1,repressor
cytR,deoD,1,repressor
cytR,nupG,1,repressor
cytR,ppiA,1,repressor
cytR,rpoH,1,repressor
cytR,tsx,1,repressor
cytR,udp,1,repressor
cytR,nupC,1,repressor
cytR,ycdZ,1,repressor
gcvA,gcvH,1,activator
gcvA,gcvH,1,repressor
gcvA,gcvT,1,activator
gcvA,gcvT,1,repressor
gcvA,gcvA,1,repressor
gcvA,gcvP,1,activator
gcvA,gcvP,1,repressor
gcvA,gcvB,1,activator
torR,tnaA,1,activator
torR,tnaB,1,activator
torR,tnaC,1,activator
torR,hdeA,1,activator
torR,hdeB,1,activator
torR,yhiD,1,activator
torR,torA,1,activator
torR,torC,1,activator
torR,torD,1,activator
torR,gadX,1,repressor
torR,torR,1,repressor
torR,gadA,1,repressor
agaR,agaA,1,repressor
agaR,kbaY,1,repressor
agaR,agaB,1,repressor
agaR,agaC,1,repressor
agaR,agaR,1,repressor
agaR,kbaZ,1,repressor
agaR,agaV,1,repressor
agaR,agaW,1,repressor
agaR,agaS,1,repressor
agaR,agaD,1,repressor
agaR,agaI,1,repressor
nanR,fimB,1,activator
nanR,nanA,1,repressor
nanR,nanT,1,repressor
nanR,nanK,1,repressor
nanR,nanE,1,repressor
ada,ada,1,activator
ada,ada,1,repressor
ada,alkB,1,activator
ada,alkB,1,repressor
ada,alkA,1,activator
ada,aidB,1,activator
birA,bioA,1,repressor
birA,bioB,1,repressor
birA,bioC,1,repressor
birA,bioD,1,repressor
birA,bioF,1,repressor
deoR,deoA,1,repressor
deoR,deoB,1,repressor
deoR,deoC,1,repressor
deoR,deoD,1,repressor
deoR,nupG,1,repressor
deoR,tsx,1,repressor
galS,galE,1,activator
galS,galE,1,repressor
galS,galK,1,activator
galS,galK,1,repressor
galS,galR,1,repressor
galS,galS,1,repressor
galS,galT,1,activator
galS,galT,1,repressor
galS,mglA,1,repressor
galS,mglB,1,repressor
galS,mglC,1,repressor
galS,galM,1,activator
galS,galM,1,repressor
galS,galP,1,repressor
galR,galE,1,activator
galR,galE,1,repressor
galR,galK,1,activator
galR,galK,1,repressor
galR,galR,1,repressor
galR,galS,1,repressor
galR,galT,1,activator
galR,galT,1,repressor
galR,mglA,1,repressor
galR,mglB,1,repressor
galR,mglC,1,repressor
galR,galM,1,activator
galR,galM,1,repressor
galR,galP,1,repressor
glpR,glpA,1,repressor
glpR,glpB,1,repressor
glpR,glpC,1,repressor
glpR,glpD,1,repressor
glpR,glpF,1,repressor
glpR,glpK,1,repressor
glpR,glpQ,1,repressor
glpR,glpT,1,repressor
glpR,glpX,1,repressor
lacI,lacA,1,repressor
lacI,lacY,1,repressor
lacI,lacZ,1,repressor
lexA,ddlB,1,repressor
lexA,dnaG,1,repressor
lexA,lpxC,1,repressor
lexA,ftsA,1,repressor
lexA,ftsI,1,repressor
lexA,ftsQ,1,repressor
lexA,ftsW,1,repressor
lexA,ftsZ,1,repressor
lexA,lexA,1,repressor
lexA,mraY,1,repressor
lexA,murC,1,repressor
lexA,murD,1,repressor
lexA,murE,1,repressor
lexA,murF,1,repressor
lexA,murG,1,repressor
lexA,phr,1,repressor
lexA,polB,1,repressor
lexA,recA,1,repressor
lexA,recB,1,repressor
lexA,recD,1,repressor
lexA,recN,1,repressor
lexA,recQ,1,repressor
lexA,rpoD,1,repressor
lexA,rpsU,1,repressor
lexA,ssb,1,repressor
lexA,sulA,1,repressor
lexA,umuC,1,repressor
lexA,umuD,1,repressor
lexA,uvrA,1,repressor
lexA,uvrB,1,repressor
lexA,uvrC,1,repressor
lexA,uvrD,1,repressor
lexA,ftsL,1,repressor
lexA,uvrY,1,repressor
lexA,dinD,1,repressor
lexA,dinG,1,repressor
lexA,dinF,1,repressor
lexA,ybiB,1,repressor
lexA,ybfE,1,repressor
lexA,yebG,1,repressor
lexA,sbmC,1,repressor
lexA,recX,1,repressor
lexA,hokE,1,repressor
lexA,yafQ,1,repressor
lexA,dinJ,1,repressor
lexA,dinB,1,repressor
lexA,yafN,1,repressor
lexA,yafO,1,repressor
lexA,yafP,1,repressor
lexA,ftsK,1,repressor
lexA,dinI,1,repressor
lexA,ydjM,1,repressor
lexA,yoaA,1,repressor
lexA,insK,1,repressor
lexA,ruvA,1,repressor
lexA,ruvB,1,repressor
metR,glyA,1,activator
metR,glyA,1,repressor
metR,hmp,1,activator
metR,metE,1,activator
metR,metH,1,activator
metR,metR,1,repressor
purR,carA,1,repressor
purR,carB,1,repressor
purR,cvpA,1,repressor
purR,gcvH,1,repressor
purR,glnB,1,repressor
purR,glyA,1,repressor
purR,guaA,1,repressor
purR,guaB,1,repressor
purR,purA,1,repressor
purR,purC,1,repressor
purR,purD,1,repressor
purR,purE,1,repressor
purR,purF,1,repressor
purR,purH,1,repressor
purR,purK,1,repressor
purR,purL,1,repressor
purR,purM,1,repressor
purR,purN,1,repressor
purR,purR,1,repressor
purR,pyrC,1,repressor
purR,pyrD,1,repressor
purR,speA,1,repressor
purR,speB,1,repressor
purR,ubiX,1,repressor
purR,purB,1,repressor
purR,codA,1,repressor
purR,codB,1,repressor
purR,hflD,1,repressor
purR,gcvT,1,repressor
purR,purT,1,repressor
purR,gcvP,1,repressor
rhaR,rhaR,1,activator
rhaR,rhaS,1,activator
ilvY,ilvC,1,activator
ilvY,ilvY,1,repressor
alpA,phoB,1,repressor
alpA,phoR,1,repressor
alpA,intA,1,activator
appY,appA,1,activator
appY,hyaA,1,activator
appY,hyaB,1,activator
appY,hyaC,1,activator
appY,hyaD,1,activator
appY,hyaE,1,activator
appY,hyaF,1,activator
appY,appB,1,activator
appY,appC,1,activator
asnC,asnA,1,activator
asnC,asnC,1,repressor
asnC,mioC,1,repressor
atoC,atoD,1,activator
atoC,atoA,1,activator
atoC,atoE,1,activator
atoC,atoB,1,activator
betI,betA,1,repressor
betI,betB,1,repressor
betI,betI,1,repressor
betI,betT,1,repressor
cspA,gyrA,1,activator
cspA,hns,1,activator
cynR,cynS,1,activator
cynR,cynT,1,activator
cynR,cynX,1,activator
cynR,cynR,1,repressor
dsdC,dsdA,1,activator
dsdC,dsdX,1,activator
dsdC,dsdC,1,repressor
ebgR,ebgA,1,repressor
ebgR,ebgC,1,repressor
fucR,fucA,1,activator
fucR,fucI,1,activator
fucR,fucK,1,activator
fucR,fucO,1,activator
fucR,fucP,1,activator
fucR,fucR,1,activator
fucR,fucU,1,activator
gutM,srlE,1,activator
gutM,srlB,1,activator
gutM,srlD,1,activator
gutM,gutM,1,activator
gutM,gutQ,1,activator
gutM,srlR,1,activator
gutM,srlA,1,activator
srlR,srlE,1,repressor
srlR,srlB,1,repressor
srlR,srlD,1,repressor
srlR,gutM,1,repressor
srlR,gutQ,1,repressor
srlR,srlR,1,repressor
srlR,srlA,1,repressor
leuO,bglB,1,activator
leuO,bglF,1,activator
leuO,bglG,1,activator
leuO,cadC,1,repressor
leuO,leuO,1,activator
leuO,leuO,1,repressor
leuO,leuA,1,activator
leuO,leuL,1,activator
leuO,gltF,1,repressor
leuO,leuD,1,activator
leuO,leuC,1,activator
leuO,leuB,1,activator
leuO,ybeQ,1,repressor
leuO,dsrA,1,repressor
leuO,yghR,1,repressor
leuO,yghS,1,repressor
leuO,yjjQ,1,activator
leuO,bglJ,1,activator
lysR,lysA,1,activator
lysR,lysR,1,repressor
marR,marA,1,repressor
marR,marR,1,repressor
marR,marB,1,repressor
nadR,nadA,1,repressor
nadR,nadB,1,repressor
nadR,pncB,1,repressor
nadR,pnuC,1,repressor
rbsR,add,1,activator
rbsR,purD,1,repressor
rbsR,purH,1,repressor
rbsR,rbsA,1,repressor
rbsR,rbsB,1,repressor
rbsR,rbsC,1,repressor
rbsR,rbsD,1,repressor
rbsR,rbsK,1,repressor
rbsR,rbsR,1,repressor
rbsR,dcd,1,activator
rbsR,udk,1,activator
soxR,aroF,1,activator
soxR,fumC,1,activator
soxR,sodA,1,activator
soxR,soxR,1,repressor
soxR,soxS,1,activator
soxR,tyrA,1,activator
soxR,yjcB,1,activator
soxR,yrbL,1,activator
tdcA,tdcA,1,activator
tdcA,tdcB,1,activator
tdcA,tdcC,1,activator
tdcA,tdcD,1,activator
tdcA,tdcG,1,activator
tdcA,tdcF,1,activator
tdcA,tdcE,1,activator
tdcR,tdcA,1,activator
tdcR,tdcB,1,activator
tdcR,tdcC,1,activator
tdcR,tdcD,1,activator
tdcR,tdcG,1,activator
tdcR,tdcF,1,activator
tdcR,tdcE,1,activator
csgD,nlpA,1,activator
csgD,pepD,1,repressor
csgD,fliE,1,repressor
csgD,fliF,1,repressor
csgD,fliA,1,repressor
csgD,fliZ,1,repressor
csgD,csgA,1,activator
csgD,wrbA,1,activator
csgD,fliG,1,repressor
csgD,fliH,1,repressor
csgD,yccJ,1,activator
csgD,flgM,1,repressor
csgD,fliI,1,repressor
csgD,fliJ,1,repressor
csgD,fliK,1,repressor
csgD,yccT,1,activator
csgD,csgG,1,activator
csgD,csgF,1,activator
csgD,csgE,1,activator
csgD,csgD,1,activator
csgD,csgB,1,activator
csgD,csgC,1,activator
csgD,flgN,1,repressor
csgD,yhbS,1,repressor
malI,malI,1,repressor
malI,malX,1,repressor
malI,malY,1,repressor
yeiL,yeiL,1,activator
cbl,ssuB,1,activator
cbl,tauD,1,activator
cbl,tauA,1,activator
cbl,tauB,1,activator
cbl,tauC,1,activator
cbl,ssuC,1,activator
cbl,ssuD,1,activator
cbl,ssuA,1,activator
cbl,ssuE,1,activator
xapR,xapB,1,activator
xapR,xapA,1,activator
xylR,araC,1,repressor
xylR,xylA,1,activator
xylR,xylB,1,activator
xylR,xylE,1,activator
xylR,xylG,1,activator
xylR,xylH,1,activator
xylR,xylF,1,activator
xylR,xylR,1,activator
caiF,caiD,1,activator
caiF,caiC,1,activator
caiF,caiB,1,activator
caiF,caiA,1,activator
caiF,caiT,1,activator
caiF,fixA,1,activator
caiF,fixB,1,activator
caiF,fixC,1,activator
caiF,fixX,1,activator
caiF,caiE,1,activator
lldR,lldP,1,activator
lldR,lldP,1,repressor
lldR,lldR,1,activator
lldR,lldR,1,repressor
lldR,lldD,1,activator
lldR,lldD,1,repressor
zraR,zraS,1,activator
zraR,acrE,1,activator
zraR,glnA,1,activator
zraR,glnH,1,activator
zraR,zraR,1,activator
zraR,pnp,1,activator
zraR,rfaD,1,activator
zraR,rpoH,1,activator
zraR,sspA,1,activator
zraR,tnaA,1,activator
zraR,tnaB,1,activator
zraR,fliA,1,activator
zraR,mdtL,1,activator
zraR,zraP,1,activator
zraR,cspB,1,activator
zraR,gadW,1,activator
zraR,exuR,1,activator
zraR,yhdW,1,activator
zraR,ssrA,1,activator
zraR,yrdD,1,activator
zraR,yhhY,1,activator
zraR,cpxP,1,activator
zraR,yjjY,1,activator
adiY,gltB,1,activator
adiY,gltD,1,activator
adiY,gadB,1,activator
adiY,adiA,1,activator
adiY,gltF,1,activator
adiY,gadX,1,activator
adiY,gadA,1,activator
adiY,gadC,1,activator
prpR,prpR,1,repressor
prpR,prpB,1,activator
prpR,prpC,1,activator
prpR,prpD,1,activator
prpR,prpE,1,activator
hcaR,hcaR,1,repressor
hcaR,hcaC,1,activator
hcaR,hcaB,1,activator
hcaR,hcaD,1,activator
hcaR,hcaE,1,activator
hcaR,hcaF,1,activator
kdgR,eda,1,repressor
kdgR,edd,1,repressor
allR,gcl,1,repressor
allR,allA,1,repressor
allR,hyi,1,repressor
allR,glxR,1,repressor
allR,ybbW,1,repressor
allR,allB,1,repressor
allR,ybbY,1,repressor
allR,glxK,1,repressor
lsrR,lsrK,1,repressor
lsrR,lsrR,1,repressor
lsrR,lsrA,1,repressor
lsrR,lsrC,1,repressor
lsrR,lsrD,1,repressor
lsrR,lsrB,1,repressor
lsrR,lsrF,1,repressor
lsrR,lsrG,1,repressor
lsrR,tam,1,repressor
baeR,acrD,1,activator
baeR,ycaC,1,activator
baeR,baeS,1,activator
baeR,baeR,1,activator
baeR,mdtD,1,activator
baeR,spy,1,activator
baeR,mdtA,1,activator
baeR,mdtB,1,activator
baeR,mdtC,1,activator
dhaR,dhaL,1,activator
dhaR,dhaK,1,activator
dhaR,dhaR,1,repressor
acrR,flhC,1,repressor
acrR,flhD,1,repressor
acrR,soxR,1,repressor
acrR,soxS,1,repressor
acrR,marA,1,repressor
acrR,marR,1,repressor
acrR,marB,1,repressor
acrR,acrA,1,repressor
acrR,acrB,1,repressor
acrR,acrR,1,repressor
acrR,micF,1,repressor
pepA,carA,1,repressor
pepA,carB,1,repressor
pepA,pepA,1,repressor
ascG,ascB,1,repressor
ascG,ascF,1,repressor
ascG,htpG,1,repressor
ascG,prpR,1,repressor
ascG,ybiT,1,repressor
hipB,hipB,1,repressor
hipB,hipA,1,repressor
hipB,relA,1,repressor
hipB,fadH,1,repressor
hipB,eutA,1,repressor
hipB,eutH,1,repressor
feaR,tynA,1,activator
feaR,feaB,1,activator
dicA,dicA,1,activator
dicA,dicB,1,repressor
dicA,dicC,1,repressor
dicA,ydfD,1,repressor
dicA,ydfE,1,repressor
dicA,ydfW,1,repressor
dicA,ydfX,1,repressor
dicA,intQ,1,repressor
bolA,ampC,1,activator
bolA,ampC,1,repressor
bolA,dacC,1,activator
bolA,dacC,1,repressor
bolA,fimH,1,activator
bolA,mreB,1,repressor
bolA,mreC,1,repressor
bolA,mreD,1,repressor
bolA,csgA,1,activator
bolA,csgG,1,activator
bolA,csgF,1,activator
bolA,csgE,1,activator
bolA,csgD,1,activator
alaS,alaS,1,repressor
arsR,arsR,1,repressor
arsR,arsB,1,repressor
arsR,arsC,1,repressor
sgrR,thiQ,1,repressor
sgrR,thiP,1,repressor
sgrR,setA,1,activator
sgrR,sgrR,1,repressor
sgrR,sgrS,1,activator
rstA,narG,1,activator
rstA,narH,1,activator
rstA,narI,1,activator
rstA,narJ,1,activator
rstA,ompF,1,repressor
rstA,csgG,1,repressor
rstA,csgF,1,repressor
rstA,csgE,1,repressor
rstA,csgD,1,repressor
rstA,asr,1,activator
stpA,bglB,1,repressor
stpA,bglF,1,repressor
stpA,bglG,1,repressor
stpA,leuO,1,repressor
stpA,malE,1,activator
stpA,malF,1,activator
stpA,malG,1,activator
stpA,stpA,1,repressor
stpA,ssrS,1,repressor
creB,ackA,1,activator
creB,creD,1,activator
creB,malE,1,repressor
creB,malF,1,repressor
creB,malG,1,repressor
creB,parE,1,activator
creB,recG,1,activator
creB,cbrA,1,activator
creB,talA,1,activator
creB,nudF,1,activator
creB,pta,1,activator
creB,yqiA,1,activator
creB,cpdA,1,activator
creB,yqiB,1,activator
envR,acrA,1,repressor
envR,acrB,1,repressor
relB,relB,1,repressor
relB,hokD,1,repressor
relB,relE,1,repressor
yqhC,yqhD,1,activator
yqhC,dkgA,1,activator
mlrA,cadC,1,activator
mlrA,yhbE,1,activator
mlrA,rplU,1,activator
mlrA,rpmA,1,activator
mlrA,csgG,1,activator
mlrA,csgF,1,activator
mlrA,csgE,1,activator
mlrA,csgD,1,activator
mlrA,obgE,1,activator
aidB,aidB,1,repressor
yefM,yefM,1,repressor
yefM,yoeB,1,repressor
fliZ,flhC,1,repressor
fliZ,flhD,1,repressor
fliZ,osmY,1,repressor
fliZ,hdeA,1,repressor
fliZ,hdeB,1,repressor
fliZ,yhiD,1,repressor
fliZ,csgA,1,repressor
fliZ,gadB,1,repressor
fliZ,gadE,1,repressor
fliZ,yjbJ,1,repressor
fliZ,mlrA,1,repressor
fliZ,mdtE,1,repressor
fliZ,mdtF,1,repressor
fliZ,csgG,1,repressor
fliZ,csgF,1,repressor
fliZ,csgE,1,repressor
fliZ,csgD,1,repressor
fliZ,csgB,1,repressor
fliZ,csgC,1,repressor
fliZ,gadC,1,repressor
basR,dgkA,1,activator
basR,fimB,1,activator
basR,hha,1,activator
basR,putA,1,repressor
basR,eptA,1,activator
basR,qseC,1,activator
basR,csgG,1,activator
basR,csgF,1,activator
basR,csgE,1,activator
basR,csgD,1,activator
basR,cspI,1,activator
basR,arnT,1,activator
basR,qseB,1,activator
basR,yrbL,1,repressor
puuR,puuC,1,repressor
puuR,puuB,1,repressor
puuR,puuR,1,repressor
puuR,puuP,1,repressor
puuR,puuA,1,repressor
puuR,puuD,1,repressor
puuR,puuE,1,repressor
mraZ,ddlB,1,repressor
mraZ,lpxC,1,repressor
mraZ,ftsA,1,repressor
mraZ,ftsI,1,repressor
mraZ,ftsQ,1,repressor
mraZ,ftsW,1,repressor
mraZ,ftsZ,1,repressor
mraZ,mraY,1,repressor
mraZ,murC,1,repressor
mraZ,murD,1,repressor
mraZ,murE,1,repressor
mraZ,murF,1,repressor
mraZ,murG,1,repressor
mraZ,mraZ,1,repressor
mraZ,ftsL,1,repressor
mraZ,mioC,1,repressor
yebK,yebK,1,repressor
yjjQ,flhC,1,repressor
yjjQ,flhD,1,repressor
yjjQ,ompC,1,repressor
yjjQ,yfiB,1,repressor
yjjQ,ybhL,1,repressor
yjjQ,yfiR,1,repressor
uvrY,uhpT,1,activator
uvrY,luxS,1,activator
uvrY,csrB,1,activator
uvrY,csrC,1,activator
uvrY,ydeP,1,activator
yhaJ,ybiJ,1,activator
yhaJ,yqjF,1,activator
yhaJ,yhaJ,1,activator
yhaJ,yhaK,1,activator
yhaJ,yhaL,1,activator
yhaJ,yhhW,1,activator
frmR,frmA,1,repressor
frmR,frmB,1,repressor
frmR,frmR,1,repressor
glnG,hisM,1,activator
glnG,argT,1,activator
glnG,glnA,1,activator
glnG,glnA,1,repressor
glnG,glnG,1,activator
glnG,glnG,1,repressor
glnG,glnH,1,activator
glnG,glnH,1,repressor
glnG,glnL,1,activator
glnG,glnL,1,repressor
glnG,glnP,1,activator
glnG,glnP,1,repressor
glnG,glnQ,1,activator
glnG,glnQ,1,repressor
glnG,hisP,1,activator
glnG,relA,1,activator
glnG,potF,1,activator
glnG,potG,1,activator
glnG,potH,1,activator
glnG,potI,1,activator
glnG,amtB,1,activator
glnG,rpoE,1,activator
glnG,hisJ,1,activator
glnG,hisQ,1,activator
glnG,glnK,1,activator
glnG,rseA,1,activator
glnG,yhdW,1,activator
glnG,yhdX,1,activator
glnG,yhdY,1,activator
glnG,yhdZ,1,activator
glnG,ddpF,1,activator
glnG,ddpD,1,activator
glnG,ddpC,1,activator
glnG,ddpB,1,activator
glnG,ddpA,1,activator
glnG,ddpX,1,activator
glnG,astE,1,activator
glnG,astB,1,activator
glnG,astD,1,activator
glnG,astA,1,activator
glnG,astC,1,activator
glnG,yeaG,1,activator
glnG,yeaH,1,activator
glnG,cbl,1,activator
glnG,nac,1,activator
glnG,rseC,1,activator
glnG,rseB,1,activator
ompR,bolA,1,repressor
ompR,cadA,1,repressor
ompR,cadB,1,repressor
ompR,cadC,1,repressor
ompR,fadL,1,repressor
ompR,flhC,1,repressor
ompR,flhD,1,repressor
ompR,lpp,1,repressor
ompR,nmpC,1,repressor
ompR,ompC,1,activator
ompR,ompF,1,activator
ompR,ompF,1,repressor
ompR,potE,1,repressor
ompR,speF,1,repressor
ompR,tolC,1,activator
ompR,pdhR,1,activator
ompR,tsgA,1,activator
ompR,rob,1,activator
ompR,sra,1,repressor
ompR,feoA,1,activator
ompR,feoB,1,activator
ompR,acrR,1,activator
ompR,ompX,1,activator
ompR,rhtA,1,activator
ompR,narU,1,activator
ompR,sstT,1,activator
ompR,micF,1,activator
ompR,ecnB,1,repressor
ompR,fadE,1,activator
ompR,csgG,1,activator
ompR,csgF,1,activator
ompR,csgE,1,activator
ompR,csgD,1,activator
racR,ydaS,1,repressor
racR,ydaT,1,repressor
racR,ydaU,1,repressor
racR,ydaV,1,repressor
racR,ydaW,1,repressor
racR,rzpR,1,repressor
dgoR,dgoA,1,repressor
dgoR,dgoK,1,repressor
dgoR,dgoT,1,repressor
dgoR,dgoR,1,repressor
dgoR,dgoD,1,repressor
fur,garL,1,repressor
fur,aspC,1,repressor
fur,cirA,1,repressor
fur,cyoA,1,repressor
fur,cyoB,1,repressor
fur,cyoC,1,repressor
fur,cyoD,1,repressor
fur,cyoE,1,repressor
fur,entA,1,repressor
fur,entB,1,repressor
fur,entC,1,repressor
fur,entD,1,repressor
fur,entE,1,repressor
fur,entF,1,repressor
fur,exbB,1,repressor
fur,exbD,1,repressor
fur,fecA,1,repressor
fur,fecB,1,repressor
fur,fecC,1,repressor
fur,fecD,1,repressor
fur,fecE,1,repressor
fur,fecI,1,repressor
fur,fecR,1,repressor
fur,fepA,1,repressor
fur,fepB,1,repressor
fur,fepC,1,repressor
fur,fepD,1,repressor
fur,fepE,1,repressor
fur,fepG,1,repressor
fur,fes,1,repressor
fur,fhuA,1,repressor
fur,fhuB,1,repressor
fur,fhuC,1,repressor
fur,fhuD,1,repressor
fur,fhuE,1,repressor
fur,flhC,1,repressor
fur,flhD,1,repressor
fur,fnr,1,repressor
fur,fumB,1,activator
fur,fumC,1,repressor
fur,fur,1,repressor
fur,gdhA,1,activator
fur,gdhA,1,repressor
fur,gltB,1,repressor
fur,gltD,1,repressor
fur,gnd,1,repressor
fur,hmp,1,repressor
fur,katE,1,activator
fur,rpoS,1,repressor
fur,katG,1,activator
fur,lpd,1,activator
fur,lpd,1,repressor
fur,metH,1,repressor
fur,metJ,1,repressor
fur,ndh,1,repressor
fur,ompF,1,activator
fur,oppA,1,repressor
fur,oppB,1,repressor
fur,oppC,1,repressor
fur,oppD,1,repressor
fur,oppF,1,repressor
fur,purR,1,repressor
fur,pyrC,1,repressor
fur,sdhA,1,activator
fur,sdhB,1,activator
fur,sdhC,1,activator
fur,sdhD,1,activator
fur,sodA,1,repressor
fur,soxR,1,repressor
fur,soxS,1,repressor
fur,sucA,1,activator
fur,sucB,1,activator
fur,sucC,1,activator
fur,sucD,1,activator
fur,tonB,1,activator
fur,tonB,1,repressor
fur,ompW,1,activator
fur,garK,1,repressor
fur,garR,1,repressor
fur,zwf,1,repressor
fur,gspO,1,repressor
fur,sufA,1,repressor
fur,glnD,1,repressor
fur,gltF,1,repressor
fur,nohA,1,repressor
fur,gpmA,1,repressor
fur,amtB,1,activator
fur,amtB,1,repressor
fur,feoA,1,repressor
fur,feoB,1,repressor
fur,gspM,1,repressor
fur,glnK,1,activator
fur,glnK,1,repressor
fur,ygaC,1,repressor
fur,nrdF,1,repressor
fur,garP,1,repressor
fur,nrdE,1,repressor
fur,rnpB,1,repressor
fur,ryhB,1,repressor
fur,fiu,1,repressor
fur,tfaQ,1,repressor
fur,stfQ,1,repressor
fur,sufE,1,repressor
fur,sufS,1,repressor
fur,sufD,1,repressor
fur,sufC,1,repressor
fur,sufB,1,repressor
fur,nac,1,repressor
fur,mntH,1,repressor
fur,nrdH,1,repressor
fur,nrdI,1,repressor
fur,gspC,1,repressor
fur,gspD,1,repressor
fur,gspE,1,repressor
fur,gspF,1,repressor
fur,gspG,1,repressor
fur,gspH,1,repressor
fur,gspI,1,repressor
fur,gspJ,1,repressor
fur,gspK,1,repressor
fur,gspL,1,repressor
fur,yhhY,1,repressor
fur,fhuF,1,repressor
fur,ybdZ,1,repressor
fur,yjjZ,1,repressor
accB,accB,1,repressor
accB,accC,1,repressor
dcuR,dcuB,1,activator
dcuR,aspA,1,activator
dcuR,frdA,1,activator
dcuR,frdB,1,activator
dcuR,frdC,1,activator
dcuR,frdD,1,activator
dcuR,fumB,1,activator
dcuR,pck,1,activator
dcuR,dcuA,1,activator
dcuR,dctA,1,activator
ycjW,ycjM,1,repressor
ycjW,ycjN,1,repressor
ycjW,ycjO,1,repressor
ycjW,ycjP,1,repressor
ycjW,ycjQ,1,repressor
ycjW,ycjR,1,repressor
ycjW,ycjS,1,repressor
ycjW,ycjT,1,repressor
ycjW,ycjU,1,repressor
ycjW,ompG,1,repressor
kdpE,kdpA,1,activator
kdpE,kdpB,1,activator
kdpE,kdpC,1,activator
kdpE,kdpF,1,activator
uhpA,uhpT,1,activator
cueR,moaA,1,repressor
cueR,moaB,1,repressor
cueR,moaD,1,repressor
cueR,moaE,1,repressor
cueR,moaC,1,repressor
cueR,cueO,1,activator
cueR,copA,1,activator
ydcI,isrC,1,activator
ydcI,flu,1,activator
nikR,nikR,1,repressor
nikR,nikA,1,repressor
nikR,nikB,1,repressor
nikR,nikC,1,repressor
nikR,nikD,1,repressor
nikR,nikE,1,repressor
zntR,zntA,1,activator
mntR,dps,1,repressor
mntR,rybA,1,repressor
mntR,mntH,1,repressor
frlR,frlA,1,repressor
frlR,frlB,1,repressor
frlR,frlC,1,repressor
frlR,frlD,1,repressor
frlR,frlR,1,repressor
metJ,metA,1,repressor
metJ,metB,1,repressor
metJ,metC,1,repressor
metJ,metE,1,repressor
metJ,metF,1,repressor
metJ,metK,1,repressor
metJ,metL,1,repressor
metJ,metR,1,repressor
metJ,yeiB,1,repressor
metJ,folE,1,repressor
metJ,ahpC,1,repressor
metJ,ahpF,1,repressor
metJ,metQ,1,repressor
metJ,metN,1,repressor
metJ,metI,1,repressor
aaeR,aaeB,1,activator
aaeR,aaeA,1,activator
aaeR,aaeX,1,activator
yfeC,rpmB,1,repressor
yfeC,rpmH,1,repressor
yfeC,rpsU,1,repressor
yfeC,yfeC,1,activator
yfeC,hybE,1,repressor
yfeC,ygdR,1,repressor
yidZ,malE,1,repressor
yidZ,rbsD,1,repressor
yidZ,ppiC,1,repressor
yidZ,rof,1,repressor
yciT,cusF,1,repressor
yciT,ybiY,1,activator
ygbI,ygbJ,1,repressor
ygbI,ygbK,1,repressor
rpoN,fadL,1,repressor
rpoN,mutM,1,repressor
rpoN,nth,1,repressor
rpoN,cspC,1,repressor
rpoN,yobF,1,repressor
rpoN,yfcZ,1,repressor
